Row Number,Area,Region,Territory,IDN,Rep ID,Account,Product Line,Product Category,Product Description,Comped Status,Segment,# of Upgrade Codes,# of Codes on Account Shelf,# of Codes in IDN System,# of Codes in Neither,Discontinuation Date,CY Opportunity ($),PY Opportunity ($),Net Cost To Customer ($),Rolling 12 Sales ($)
1,Southeast,Carolinas,CA-302,Northwell Health,REP-98696,Summit Medical Center,Beta Series,Accessories,GAM-150 6INx8IN Energy Device Tip,No,In IDN System,8,1,2,1,2025-06-30,22477.17,23002.83,17115.35,11282.41
2,West,California,CA-1102,Atrium Health,REP-42098,Metro Medical Center,Delta Series,Capital Equipment,ALT-100 3INx4IN Absorbable Hemostat,Yes,On Account Shelf,3,5,3,4,Active,11850.64,12532.44,7866.66,7033.94
3,West,Pacific Northwest,PN-1001,Banner Health,REP-21395,Horizon Health System,Gamma Series,Service Contract,BET-300 4INx8IN Hemostatic Patch,No,On Account Shelf,5,4,1,4,Active,26180.3,23014.23,18944.91,15615.29
4,Southeast,Florida,FL-401,Ascension Health,REP-88907,Memorial Health System,Delta Series,Capital Equipment,ALT-200 2INx14IN Wound Matrix,No,In IDN System,4,0,1,4,Active,3026.78,3001.34,1586.71,19254.45
5,Southeast,Carolinas,CA-302,Trinity Health,REP-98696,Coastal Regional Hospital,Delta Series,Disposables,DEL-510 Vessel Sealer Extend 35CM,Yes,In Neither,5,3,5,5,2025-12-31,13423.95,13565.51,7280.5,6392.74
6,Midwest,Great Lakes,GL-603,Atrium Health,REP-76237,Capital Medical Center,Alpha Series,Capital Equipment,ALT-100 3INx4IN Absorbable Hemostat,Yes,On Account Shelf,1,2,0,4,2025-06-30,8715.08,8638.81,6002.35,18360.46
7,West,California,CA-1101,Sutter Health,REP-14165,Horizon Health System,Alpha Series,Capital Equipment,BET-310 Fibrin Sealant 2ML Kit,No,In IDN System,7,3,5,0,Active,2288.07,2601.37,1785.17,3622.46
8,Southeast,Carolinas,CA-302,Providence Health,REP-14165,Parkview Medical Center,Gamma Series,Service Contract,GAM-150 6INx8IN Energy Device Tip,Yes,In IDN System,9,0,0,5,Active,29085.39,36526.02,23182.32,4991.47
9,Southwest,Mountain West,MW-901,Northwell Health,REP-24592,Valley Medical Center,Delta Series,Capital Equipment,BET-310 Fibrin Sealant 2ML Kit,No,In IDN System,5,3,5,5,2026-03-31,5066.51,4448.52,4251.05,14900.33
10,West,Pacific Northwest,PN-1002,CommonSpirit Health,REP-24592,Memorial Community Hospital,Delta Series,Disposables,ALT-100 3INx4IN Absorbable Hemostat,Yes,On Account Shelf,2,4,0,5,2025-06-30,12411.38,15699.87,8680.35,14894.06
11,Northeast,New England,NE-102,Intermountain Health,REP-98696,Coastal Health System,Gamma Series,Disposables,DEL-500 Single Use Sealer 5MM,No,On Account Shelf,5,3,2,0,Active,14019.42,18212.25,11897.35,2758.26
12,Southeast,Gulf Coast,GC-502,Providence Health,REP-87397,Summit Medical Center,Beta Series,Accessories,DEL-500 Single Use Sealer 5MM,Yes,In IDN System,9,5,2,4,Active,20201.96,20863.8,16689.13,3486.08
13,Southeast,Florida,FL-401,Tenet Healthcare,REP-40495,Capital Health System,Gamma Series,Accessories,ALT-120 Absorbable Gelatin Sponge,Yes,In Neither,6,1,5,5,2025-12-31,15409.57,13108.5,12602.8,2219.17
14,Southwest,Mountain West,MW-901,Ascension Health,REP-21395,Riverside Regional Hospital,Gamma Series,Disposables,GAM-160 Advanced Bipolar Forceps,No,In Neither,1,0,0,5,2025-06-30,16594.91,19926.45,11680.8,4554.25
15,Southeast,Carolinas,CA-302,LifePoint Health,REP-24592,Metro Medical Center,Beta Series,Disposables,ALT-200 2INx14IN Wound Matrix,No,In Neither,7,4,5,1,2025-06-30,26005.87,33436.36,20382.62,22153.99
16,Northeast,New England,NE-103,Intermountain Health,REP-14165,Metro General Hospital,Gamma Series,Disposables,ALT-200 2INx14IN Wound Matrix,No,On Account Shelf,8,1,1,3,2025-12-31,9503.13,11187.15,5508.57,1567.95
17,Southeast,Florida,FL-402,Banner Health,REP-13278,Memorial General Hospital,Gamma Series,Service Contract,DEL-510 Vessel Sealer Extend 35CM,No,On Account Shelf,2,2,1,4,2025-12-31,1628.59,1722.95,1011.34,19874.28
18,Southwest,Texas,TX-802,Advocate Aurora,REP-98696,Parkview Regional Hospital,Delta Series,Capital Equipment,DEL-510 Vessel Sealer Extend 35CM,Yes,In IDN System,7,0,5,2,2025-12-31,20069.93,15549.68,16357.32,13170.94
19,Southwest,Mountain West,MW-902,Dignity Health,REP-40495,Riverside Regional Hospital,Beta Series,Service Contract,BET-310 Fibrin Sealant 2ML Kit,Yes,In Neither,10,2,3,4,Active,9464.31,7818.56,7334.99,15559.88
20,Midwest,Central Plains,CP-702,SSM Health,REP-28289,Metro Medical Center,Delta Series,Disposables,ALT-200 2INx14IN Wound Matrix,No,In Neither,10,2,0,1,2025-12-31,7126.9,5840.34,3624.38,6876.22
21,Southwest,Texas,TX-802,Piedmont Healthcare,REP-76237,Horizon Health System,Delta Series,Service Contract,BET-310 Fibrin Sealant 2ML Kit,Yes,On Account Shelf,1,0,3,1,2025-06-30,24221.24,27068.38,16048.81,14377.74
22,Northeast,Mid-Atlantic,MA-201,SSM Health,REP-38657,Riverside General Hospital,Gamma Series,Service Contract,ALT-120 Absorbable Gelatin Sponge,No,In Neither,8,1,5,3,2026-03-31,8146.15,6910.74,5891.14,19379.53
23,West,California,CA-1103,Atrium Health,REP-98696,Mercy Health System,Alpha Series,Accessories,GAM-150 6INx8IN Energy Device Tip,No,In IDN System,6,4,0,1,2025-06-30,7322.21,8174.29,5471.5,2541.49
24,Southwest,Mountain West,MW-902,Piedmont Healthcare,REP-24592,Coastal Health System,Delta Series,Service Contract,ALT-120 Absorbable Gelatin Sponge,Yes,In Neither,7,3,0,2,2025-12-31,22727.52,27547.32,18947.95,11056.51
25,West,Pacific Northwest,PN-1002,Atrium Health,REP-98696,Parkview Health System,Delta Series,Capital Equipment,BET-310 Fibrin Sealant 2ML Kit,No,In Neither,7,5,1,3,2025-06-30,29431.3,30033.88,24057.88,15205.43
26,Northeast,New England,NE-103,Piedmont Healthcare,REP-42098,Riverside Health System,Beta Series,Capital Equipment,DEL-500 Single Use Sealer 5MM,No,In IDN System,4,3,2,2,2026-03-31,8708.57,11066.18,5639.21,21037.86
27,Southwest,Texas,TX-803,CommonSpirit Health,REP-87397,Capital Medical Center,Alpha Series,Capital Equipment,ALT-100 3INx4IN Absorbable Hemostat,Yes,On Account Shelf,1,4,1,1,2025-06-30,14470.05,11122.17,12034.96,12160.82
28,Midwest,Central Plains,CP-701,Tenet Healthcare,REP-39256,Summit Community Hospital,Alpha Series,Capital Equipment,DEL-500 Single Use Sealer 5MM,No,In IDN System,4,0,4,5,2025-06-30,3506.09,4079.3,2796.47,15409.88
29,Northeast,New England,NE-102,Piedmont Healthcare,REP-87397,Summit Medical Center,Gamma Series,Capital Equipment,BET-310 Fibrin Sealant 2ML Kit,No,On Account Shelf,7,2,5,3,2025-06-30,13346.87,15219.13,11183.55,7481.98
30,West,California,CA-1102,Piedmont Healthcare,REP-76237,Memorial General Hospital,Gamma Series,Disposables,ALT-200 2INx14IN Wound Matrix,No,In IDN System,4,3,4,4,2026-03-31,10423.7,10388.09,6397.6,12701.2
31,Midwest,Central Plains,CP-702,Banner Health,REP-88907,Memorial General Hospital,Alpha Series,Disposables,ALT-200 2INx14IN Wound Matrix,Yes,In Neither,7,3,4,1,2026-03-31,19554.14,19446.45,15203.86,3233.28
32,Southeast,Florida,FL-403,Atrium Health,REP-81482,Memorial Community Hospital,Gamma Series,Service Contract,DEL-510 Vessel Sealer Extend 35CM,No,In IDN System,9,2,2,5,2026-03-31,8492.03,7225.38,4604.63,5622.02
33,Northeast,New England,NE-101,Advocate Aurora,REP-22280,Memorial General Hospital,Gamma Series,Capital Equipment,GAM-150 6INx8IN Energy Device Tip,No,On Account Shelf,6,1,2,0,2025-06-30,8592.18,11037.32,5960.19,17738.02
34,Southeast,Gulf Coast,GC-502,Tenet Healthcare,REP-93810,Parkview Health System,Gamma Series,Service Contract,GAM-160 Advanced Bipolar Forceps,No,In IDN System,3,0,2,3,Active,24752.41,23277.77,13018,16106.7
35,Northeast,New England,NE-101,Dignity Health,REP-13278,Metro General Hospital,Alpha Series,Service Contract,ALT-120 Absorbable Gelatin Sponge,Yes,In Neither,7,3,3,2,2026-03-31,9508.72,10199.21,6783.24,18762.14
36,Southeast,Gulf Coast,GC-501,Banner Health,REP-13278,Valley Medical Center,Beta Series,Disposables,DEL-510 Vessel Sealer Extend 35CM,Yes,On Account Shelf,1,3,3,5,2026-03-31,9092.15,7627.27,6795.79,17871.7
37,Southwest,Texas,TX-803,Atrium Health,REP-98696,Memorial Community Hospital,Beta Series,Service Contract,ALT-200 2INx14IN Wound Matrix,Yes,In Neither,3,2,1,0,Active,5394.72,4771.99,4111.51,14660.97
38,Midwest,Central Plains,CP-701,SSM Health,REP-81482,Valley Regional Hospital,Gamma Series,Service Contract,GAM-160 Advanced Bipolar Forceps,Yes,In Neither,1,3,5,2,2025-12-31,1263.01,1057.59,929.58,21652.4
39,West,Pacific Northwest,PN-1002,CommonSpirit Health,REP-39256,Horizon Regional Hospital,Delta Series,Accessories,BET-300 4INx8IN Hemostatic Patch,No,In Neither,8,0,3,2,2026-03-31,10332.6,11387.35,8268.21,8915.29
40,Southwest,Mountain West,MW-902,CommonSpirit Health,REP-13905,Capital Regional Hospital,Gamma Series,Accessories,ALT-110 Oxidized Regenerated Cellulose Sheet,Yes,In IDN System,9,0,5,4,2026-03-31,12690.8,10311.9,7952.34,19154.64
41,Southwest,Texas,TX-801,Banner Health,REP-40495,Riverside Regional Hospital,Gamma Series,Service Contract,GAM-160 Advanced Bipolar Forceps,Yes,On Account Shelf,10,1,5,1,2025-12-31,16749.75,17274.87,8921.31,24814.17
42,Northeast,Mid-Atlantic,MA-201,Providence Health,REP-22280,Valley Community Hospital,Gamma Series,Service Contract,GAM-160 Advanced Bipolar Forceps,No,On Account Shelf,8,4,1,3,2025-06-30,27695.11,27832.05,22371.12,21736.65
43,Midwest,Central Plains,CP-702,Banner Health,REP-93810,Valley Community Hospital,Gamma Series,Service Contract,BET-300 4INx8IN Hemostatic Patch,No,In Neither,8,2,2,4,2026-03-31,13932.67,12442.8,7886.29,17739.96
44,West,California,CA-1101,Piedmont Healthcare,REP-24592,Memorial Health System,Delta Series,Service Contract,BET-310 Fibrin Sealant 2ML Kit,Yes,In IDN System,1,1,4,4,2025-12-31,26156.16,32028.59,17108.93,13622.83
45,Southwest,Texas,TX-803,Providence Health,REP-14165,Capital Health System,Alpha Series,Service Contract,DEL-500 Single Use Sealer 5MM,No,In Neither,7,5,0,2,2026-03-31,28647.12,30826.58,23221.46,12710.74
46,West,Pacific Northwest,PN-1001,Atrium Health,REP-81482,Capital Medical Center,Alpha Series,Service Contract,ALT-200 2INx14IN Wound Matrix,Yes,In IDN System,3,5,2,0,Active,10069.05,7387.38,6297.81,11336.48
47,Southeast,Gulf Coast,GC-502,Trinity Health,REP-39256,Parkview Medical Center,Alpha Series,Service Contract,ALT-120 Absorbable Gelatin Sponge,Yes,In IDN System,10,1,1,3,2025-12-31,14057.33,15464.53,11451.35,12166.08
48,Midwest,Great Lakes,GL-601,SSM Health,REP-87397,Memorial Community Hospital,Gamma Series,Service Contract,DEL-500 Single Use Sealer 5MM,No,In IDN System,4,3,3,0,2025-06-30,11750.25,10755.89,7091.93,17782.7
49,Northeast,Mid-Atlantic,MA-202,Ascension Health,REP-76237,Mercy Community Hospital,Delta Series,Accessories,GAM-150 6INx8IN Energy Device Tip,No,On Account Shelf,4,4,2,5,2025-06-30,19033.32,23640.19,13822.36,8414.39
50,Southwest,Texas,TX-803,LifePoint Health,REP-42098,Capital Regional Hospital,Gamma Series,Accessories,BET-310 Fibrin Sealant 2ML Kit,Yes,On Account Shelf,3,4,2,4,2025-12-31,24998.94,21353.65,19715.2,12564.35
51,Midwest,Central Plains,CP-701,SSM Health,REP-13278,Capital Health System,Beta Series,Service Contract,DEL-510 Vessel Sealer Extend 35CM,No,On Account Shelf,7,0,2,4,Active,13916.19,15359.26,10232.84,15029.44
52,Midwest,Great Lakes,GL-603,Atrium Health,REP-22280,Lakeside Community Hospital,Gamma Series,Disposables,ALT-200 2INx14IN Wound Matrix,No,In Neither,5,5,3,0,2025-06-30,1837.73,1327.44,1559.45,3786.89
53,Southeast,Gulf Coast,GC-501,Northwell Health,REP-13905,St. Mary's Regional Hospital,Delta Series,Disposables,BET-310 Fibrin Sealant 2ML Kit,Yes,In IDN System,10,3,2,0,2025-12-31,6909.46,6680.19,4025.72,9704.46
54,Midwest,Central Plains,CP-701,Northwell Health,REP-98696,Horizon Health System,Alpha Series,Service Contract,ALT-200 2INx14IN Wound Matrix,Yes,In Neither,10,0,0,2,2025-06-30,29670.22,34779.04,16966.08,20915.63
55,West,Pacific Northwest,PN-1001,Atrium Health,REP-21395,Capital Health System,Alpha Series,Accessories,BET-300 4INx8IN Hemostatic Patch,Yes,In Neither,5,1,0,5,Active,4388.2,4014.96,3405.03,15132.47
56,Northeast,New England,NE-102,CommonSpirit Health,REP-42098,University Medical Center,Alpha Series,Capital Equipment,GAM-160 Advanced Bipolar Forceps,No,In IDN System,9,4,0,3,2025-06-30,28389.76,20611.51,21977.35,21807.54
57,West,California,CA-1102,Ascension Health,REP-24592,Horizon Regional Hospital,Delta Series,Service Contract,ALT-200 2INx14IN Wound Matrix,No,In Neither,8,0,0,2,2025-06-30,2437.63,2108.57,1758.94,14160.55
58,Midwest,Central Plains,CP-702,SSM Health,REP-38657,Lakeside Health System,Delta Series,Capital Equipment,ALT-200 2INx14IN Wound Matrix,Yes,In IDN System,8,1,3,2,2026-03-31,12262.54,13951.92,7472.69,8500.57
59,Midwest,Central Plains,CP-701,Sutter Health,REP-13278,Capital Regional Hospital,Alpha Series,Capital Equipment,BET-310 Fibrin Sealant 2ML Kit,Yes,In Neither,6,1,4,0,2025-12-31,20265.39,19180.89,16329.09,23587.12
60,Southwest,Texas,TX-802,Dignity Health,REP-87397,Metro General Hospital,Beta Series,Disposables,GAM-160 Advanced Bipolar Forceps,Yes,On Account Shelf,6,4,2,0,2025-12-31,17435.95,20649.97,13875.6,24389.12
61,West,Pacific Northwest,PN-1002,Ascension Health,REP-39256,Memorial General Hospital,Gamma Series,Accessories,ALT-110 Oxidized Regenerated Cellulose Sheet,Yes,On Account Shelf,3,4,5,3,Active,4685.3,5059.67,2392.92,18906.68
62,Southeast,Florida,FL-402,SSM Health,REP-21395,Valley Medical Center,Gamma Series,Accessories,ALT-110 Oxidized Regenerated Cellulose Sheet,Yes,On Account Shelf,3,1,4,0,Active,8527.03,9355.54,5712.95,11609.06
63,Midwest,Great Lakes,GL-603,Tenet Healthcare,REP-87397,Parkview Health System,Alpha Series,Accessories,ALT-120 Absorbable Gelatin Sponge,No,In Neither,5,0,1,3,Active,726.77,640.18,417.12,4293.64
64,Midwest,Central Plains,CP-702,Tenet Healthcare,REP-93810,Central Health System,Delta Series,Disposables,BET-300 4INx8IN Hemostatic Patch,No,In Neither,4,4,4,5,2025-12-31,2626.23,3196.28,1352,1449.8
65,Northeast,Mid-Atlantic,MA-203,Piedmont Healthcare,REP-76237,Valley Regional Hospital,Delta Series,Accessories,ALT-200 2INx14IN Wound Matrix,No,On Account Shelf,6,1,4,3,2025-12-31,3099.83,3740.54,1813.9,15132.91
66,West,Pacific Northwest,PN-1002,Dignity Health,REP-21395,Capital Medical Center,Gamma Series,Disposables,ALT-200 2INx14IN Wound Matrix,Yes,In Neither,9,1,2,2,2025-06-30,7469.93,5885.31,4250.73,15457.58
67,Northeast,New England,NE-103,Sutter Health,REP-13905,Parkview Health System,Delta Series,Accessories,ALT-110 Oxidized Regenerated Cellulose Sheet,Yes,In IDN System,2,3,3,5,2025-12-31,23991.73,25307.72,14951.16,2780.58
68,Southwest,Mountain West,MW-901,CommonSpirit Health,REP-87397,Valley Community Hospital,Alpha Series,Capital Equipment,ALT-120 Absorbable Gelatin Sponge,No,In IDN System,10,4,5,0,2026-03-31,27316.97,28491.44,15458.23,15520.14
69,West,Pacific Northwest,PN-1001,SSM Health,REP-46048,Coastal Regional Hospital,Alpha Series,Disposables,ALT-100 3INx4IN Absorbable Hemostat,Yes,In Neither,8,3,4,4,2025-06-30,11234.99,14052.3,7140.91,19587.15
70,West,Pacific Northwest,PN-1002,HCA Healthcare,REP-21395,Metro General Hospital,Delta Series,Accessories,DEL-500 Single Use Sealer 5MM,Yes,In IDN System,2,4,5,1,2025-12-31,9651.84,10555.57,7062.71,4094.84
71,Northeast,Mid-Atlantic,MA-203,Northwell Health,REP-21395,Riverside Regional Hospital,Alpha Series,Service Contract,DEL-510 Vessel Sealer Extend 35CM,No,On Account Shelf,6,2,1,1,2025-12-31,28456.21,28221.8,16484.4,4301.57
72,Northeast,Mid-Atlantic,MA-201,CommonSpirit Health,REP-21395,University Medical Center,Beta Series,Service Contract,BET-300 4INx8IN Hemostatic Patch,Yes,On Account Shelf,10,1,5,3,Active,12620.33,13955.78,7359.36,11660.77
73,Midwest,Central Plains,CP-701,Atrium Health,REP-81482,Horizon Regional Hospital,Beta Series,Accessories,ALT-120 Absorbable Gelatin Sponge,No,In IDN System,5,3,4,4,2026-03-31,29004.91,34519.75,22636.61,4321.56
74,Midwest,Great Lakes,GL-603,Sutter Health,REP-87397,Riverside General Hospital,Alpha Series,Capital Equipment,DEL-500 Single Use Sealer 5MM,Yes,On Account Shelf,5,3,4,1,2026-03-31,3205.55,3995.09,2519.07,22231.11
75,Northeast,Mid-Atlantic,MA-201,Northwell Health,REP-38657,St. Mary's Regional Hospital,Beta Series,Service Contract,ALT-200 2INx14IN Wound Matrix,No,On Account Shelf,1,2,0,5,2025-12-31,23845.73,18660.71,14317.16,20914.28
76,Southeast,Gulf Coast,GC-502,SSM Health,REP-88907,St. Mary's Community Hospital,Alpha Series,Capital Equipment,DEL-500 Single Use Sealer 5MM,Yes,On Account Shelf,9,5,4,4,2026-03-31,3780.01,3299.42,2288.43,2145.99
77,Southwest,Mountain West,MW-901,Tenet Healthcare,REP-22280,Lakeside Health System,Alpha Series,Disposables,BET-300 4INx8IN Hemostatic Patch,No,In IDN System,1,4,2,1,2026-03-31,6025.76,6633.93,4116.92,9654.49
78,West,Pacific Northwest,PN-1002,Sutter Health,REP-24592,Capital Health System,Gamma Series,Accessories,ALT-100 3INx4IN Absorbable Hemostat,No,On Account Shelf,6,1,5,5,Active,23259.29,26541.46,14336.6,2064.06
79,West,California,CA-1103,Trinity Health,REP-13905,Horizon Regional Hospital,Beta Series,Disposables,ALT-200 2INx14IN Wound Matrix,No,On Account Shelf,5,1,0,1,Active,9810.08,8692.18,6272.35,20569.75
80,Southwest,Mountain West,MW-901,Advocate Aurora,REP-81482,Metro Medical Center,Alpha Series,Accessories,DEL-500 Single Use Sealer 5MM,Yes,In IDN System,7,3,5,3,2026-03-31,10501.58,8528.23,7794.52,9816.33
81,West,California,CA-1101,Piedmont Healthcare,REP-13278,Parkview Health System,Beta Series,Accessories,ALT-110 Oxidized Regenerated Cellulose Sheet,Yes,On Account Shelf,6,5,2,2,2026-03-31,18277.34,17467.1,13551.14,9437.13
82,Northeast,Mid-Atlantic,MA-203,Piedmont Healthcare,REP-98696,Mercy Community Hospital,Alpha Series,Service Contract,ALT-110 Oxidized Regenerated Cellulose Sheet,Yes,On Account Shelf,3,4,5,3,Active,4223.79,3554.73,3065.66,9691.61
83,West,Pacific Northwest,PN-1001,SSM Health,REP-87397,St. Mary's Regional Hospital,Delta Series,Capital Equipment,ALT-120 Absorbable Gelatin Sponge,Yes,In Neither,6,3,2,5,2025-12-31,7863.54,6039.74,5956.52,12977.06
84,Southwest,Texas,TX-802,Banner Health,REP-13905,Coastal Health System,Gamma Series,Service Contract,GAM-150 6INx8IN Energy Device Tip,Yes,On Account Shelf,2,3,1,5,2026-03-31,29919.24,35493.43,25091.66,24677.79
85,Midwest,Great Lakes,GL-603,Dignity Health,REP-81482,Valley Medical Center,Beta Series,Accessories,DEL-510 Vessel Sealer Extend 35CM,Yes,On Account Shelf,4,1,1,3,Active,11146.45,11629.83,7396.7,24592.29
86,Southeast,Gulf Coast,GC-501,HCA Healthcare,REP-81482,Valley Regional Hospital,Delta Series,Service Contract,BET-310 Fibrin Sealant 2ML Kit,Yes,On Account Shelf,6,5,0,3,2026-03-31,20563.22,18644.85,16600.4,19726.31
87,West,Pacific Northwest,PN-1001,Piedmont Healthcare,REP-38657,Mercy Community Hospital,Alpha Series,Disposables,DEL-500 Single Use Sealer 5MM,Yes,On Account Shelf,6,5,1,2,2025-12-31,25455.04,21646.03,18385.41,14220.19
88,Southeast,Gulf Coast,GC-502,HCA Healthcare,REP-38657,Valley Medical Center,Beta Series,Disposables,ALT-120 Absorbable Gelatin Sponge,No,In Neither,1,0,0,0,2025-12-31,19708.33,22865.12,12727.75,16335.79
89,Southwest,Mountain West,MW-902,Sutter Health,REP-23434,Valley Regional Hospital,Gamma Series,Service Contract,ALT-200 2INx14IN Wound Matrix,Yes,On Account Shelf,8,3,3,3,2025-06-30,10535.68,8283.16,8444.56,8663.59
90,Midwest,Central Plains,CP-701,LifePoint Health,REP-38657,Riverside General Hospital,Alpha Series,Accessories,GAM-150 6INx8IN Energy Device Tip,No,On Account Shelf,5,3,1,1,Active,1992.86,2525.41,1599.19,11035.23
91,Southeast,Florida,FL-403,Intermountain Health,REP-28289,Valley Medical Center,Delta Series,Service Contract,GAM-160 Advanced Bipolar Forceps,No,In IDN System,1,0,3,4,2026-03-31,29017.26,24057.82,18092.65,2212.97
92,Southwest,Mountain West,MW-902,Ascension Health,REP-46048,Parkview Health System,Beta Series,Accessories,ALT-110 Oxidized Regenerated Cellulose Sheet,No,In IDN System,1,3,0,4,2025-06-30,11194.45,9774.56,7110.96,11808.51
93,West,California,CA-1103,Tenet Healthcare,REP-42098,Metro General Hospital,Delta Series,Accessories,ALT-110 Oxidized Regenerated Cellulose Sheet,No,On Account Shelf,4,4,4,3,Active,1836.45,1436.51,1132.29,12369.86
94,Southwest,Texas,TX-803,Providence Health,REP-21395,University Medical Center,Gamma Series,Disposables,BET-310 Fibrin Sealant 2ML Kit,No,In Neither,6,4,4,4,2026-03-31,21407.82,18836.19,16816.1,9840.59
95,Northeast,Mid-Atlantic,MA-203,Dignity Health,REP-93810,Lakeside Health System,Delta Series,Accessories,ALT-120 Absorbable Gelatin Sponge,Yes,In Neither,1,4,3,1,2026-03-31,4859.38,5386.31,2483.38,23756.92
96,Northeast,New England,NE-101,SSM Health,REP-21395,University Medical Center,Beta Series,Service Contract,GAM-150 6INx8IN Energy Device Tip,No,In Neither,10,3,5,5,Active,21320.37,21559.37,14845.59,24954.95
97,Southwest,Mountain West,MW-902,Trinity Health,REP-13905,Heritage Regional Hospital,Gamma Series,Accessories,DEL-500 Single Use Sealer 5MM,No,On Account Shelf,4,2,4,2,2025-06-30,28273.82,36455.02,21768.32,17917.62
98,Southwest,Mountain West,MW-902,LifePoint Health,REP-40495,Memorial General Hospital,Gamma Series,Capital Equipment,ALT-120 Absorbable Gelatin Sponge,No,In IDN System,6,1,2,0,2025-12-31,28681.75,21437.25,23616.65,16743.33
99,Southwest,Texas,TX-801,Banner Health,REP-40495,Memorial General Hospital,Beta Series,Capital Equipment,ALT-120 Absorbable Gelatin Sponge,Yes,On Account Shelf,1,5,4,1,2025-06-30,2048.49,1941.93,1538.57,3413.08
100,Southeast,Carolinas,CA-301,Piedmont Healthcare,REP-22280,Horizon Regional Hospital,Beta Series,Accessories,ALT-110 Oxidized Regenerated Cellulose Sheet,No,In Neither,1,0,5,4,2025-06-30,16286.99,18467.34,13482.93,22917.51
101,Southeast,Florida,FL-401,CommonSpirit Health,REP-65302,Central Health System,Beta Series,Accessories,ALT-100 3INx4IN Absorbable Hemostat,Yes,In IDN System,10,4,0,2,2025-12-31,13903.3,15082.13,9503.07,22342.24
102,Southeast,Gulf Coast,GC-502,Banner Health,REP-28289,Horizon Health System,Gamma Series,Disposables,GAM-160 Advanced Bipolar Forceps,No,In Neither,3,0,5,2,2025-12-31,17249.55,19912.36,9684.3,21547.52
103,Southwest,Mountain West,MW-902,HCA Healthcare,REP-65302,Metro General Hospital,Beta Series,Disposables,GAM-160 Advanced Bipolar Forceps,No,On Account Shelf,1,2,3,1,2026-03-31,22735.82,28929.53,13770.66,18349.18
104,Northeast,Mid-Atlantic,MA-203,LifePoint Health,REP-23434,Mercy Community Hospital,Alpha Series,Service Contract,DEL-500 Single Use Sealer 5MM,Yes,In IDN System,9,5,2,5,Active,19341.98,24455.64,12159.15,6300.38
105,Southeast,Florida,FL-401,SSM Health,REP-88907,St. Mary's Regional Hospital,Delta Series,Service Contract,DEL-510 Vessel Sealer Extend 35CM,Yes,On Account Shelf,10,0,4,3,2025-12-31,2804.03,2911.99,1462.62,14143.58
106,West,Pacific Northwest,PN-1001,Trinity Health,REP-21395,Coastal Regional Hospital,Delta Series,Capital Equipment,GAM-150 6INx8IN Energy Device Tip,No,On Account Shelf,9,3,0,3,2025-06-30,15640.81,15235.39,8136.47,12097.08
107,Midwest,Great Lakes,GL-602,Banner Health,REP-93810,Coastal Health System,Alpha Series,Capital Equipment,BET-310 Fibrin Sealant 2ML Kit,No,In Neither,2,4,0,0,2026-03-31,1436.18,1357.65,1104.62,19379.86
108,Southwest,Mountain West,MW-902,SSM Health,REP-65302,Capital Health System,Alpha Series,Disposables,ALT-110 Oxidized Regenerated Cellulose Sheet,Yes,On Account Shelf,9,3,4,1,2025-06-30,25127.24,28989.49,21168.99,12112.09
109,West,California,CA-1103,Northwell Health,REP-23434,Metro General Hospital,Delta Series,Accessories,BET-300 4INx8IN Hemostatic Patch,No,On Account Shelf,2,0,5,3,Active,7599.66,5626.59,5379.65,11714.59
110,Northeast,New England,NE-103,CommonSpirit Health,REP-65302,Mercy Health System,Beta Series,Disposables,ALT-100 3INx4IN Absorbable Hemostat,Yes,In Neither,5,1,5,4,2025-12-31,17535.51,20402.97,13790.52,6685.7
111,Southeast,Gulf Coast,GC-501,Piedmont Healthcare,REP-81482,Memorial General Hospital,Alpha Series,Disposables,BET-310 Fibrin Sealant 2ML Kit,No,On Account Shelf,6,5,5,3,2025-12-31,21041.1,19882.9,12729.04,5413.1
112,West,California,CA-1101,Atrium Health,REP-81482,Capital Health System,Delta Series,Capital Equipment,DEL-510 Vessel Sealer Extend 35CM,No,In IDN System,9,4,1,3,2025-06-30,8022.37,7205.35,4233.2,11794.88
113,Midwest,Great Lakes,GL-603,Advocate Aurora,REP-24592,Memorial General Hospital,Delta Series,Capital Equipment,ALT-200 2INx14IN Wound Matrix,Yes,In Neither,9,1,3,1,2025-12-31,9444.05,11761.59,5422.14,5560.57
114,Northeast,Mid-Atlantic,MA-201,Advocate Aurora,REP-65302,Metro General Hospital,Gamma Series,Accessories,BET-310 Fibrin Sealant 2ML Kit,No,In Neither,6,2,2,2,2026-03-31,14247.12,16835.68,10725.87,19279.1
115,Midwest,Great Lakes,GL-602,Intermountain Health,REP-14165,Parkview Regional Hospital,Beta Series,Disposables,ALT-100 3INx4IN Absorbable Hemostat,No,In Neither,10,4,5,3,2025-12-31,4996.14,4486.13,3162.28,21000.71
116,Southwest,Mountain West,MW-902,Sutter Health,REP-22280,Riverside Health System,Beta Series,Accessories,BET-300 4INx8IN Hemostatic Patch,Yes,In Neither,9,3,1,4,Active,15956.36,19202.54,8393.29,20631.9
117,Northeast,New England,NE-102,Providence Health,REP-23434,Summit Medical Center,Beta Series,Capital Equipment,GAM-150 6INx8IN Energy Device Tip,No,In IDN System,1,4,5,5,2026-03-31,19948.89,14152.52,13690.41,10872.12
118,Northeast,Mid-Atlantic,MA-203,Dignity Health,REP-93810,Metro Medical Center,Delta Series,Disposables,ALT-200 2INx14IN Wound Matrix,Yes,In Neither,3,1,1,4,2025-12-31,24548.82,21121.68,15684.58,9953.24
119,Southwest,Mountain West,MW-901,Atrium Health,REP-81482,Capital Regional Hospital,Alpha Series,Capital Equipment,BET-310 Fibrin Sealant 2ML Kit,No,In IDN System,9,3,0,5,Active,21233.93,15917.2,16899.35,16477.77
120,Midwest,Great Lakes,GL-603,CommonSpirit Health,REP-23434,Coastal Health System,Delta Series,Accessories,ALT-100 3INx4IN Absorbable Hemostat,Yes,In Neither,5,4,4,5,Active,5790.96,7008.55,2927.22,5971.79
121,Southeast,Gulf Coast,GC-502,HCA Healthcare,REP-81482,Valley Medical Center,Beta Series,Service Contract,DEL-510 Vessel Sealer Extend 35CM,No,In IDN System,3,5,5,0,2025-12-31,2084.04,2005.37,1653.76,9174.23
122,West,California,CA-1102,Ascension Health,REP-98696,Mercy Health System,Delta Series,Disposables,ALT-110 Oxidized Regenerated Cellulose Sheet,No,In IDN System,3,5,4,5,2026-03-31,3027.98,3243.48,2359.76,18114.6
123,Northeast,Mid-Atlantic,MA-201,Northwell Health,REP-42098,Capital Health System,Gamma Series,Accessories,ALT-200 2INx14IN Wound Matrix,Yes,On Account Shelf,5,3,2,2,Active,4408.96,3581.99,2897.11,14313.76
124,Southwest,Texas,TX-801,HCA Healthcare,REP-87397,Riverside General Hospital,Alpha Series,Accessories,BET-310 Fibrin Sealant 2ML Kit,Yes,In IDN System,7,3,0,5,2025-06-30,17372.83,13928.66,11001.45,4332.16
125,Midwest,Central Plains,CP-702,Providence Health,REP-13278,Valley Medical Center,Delta Series,Accessories,BET-310 Fibrin Sealant 2ML Kit,No,In IDN System,2,2,2,1,2026-03-31,18017.29,14726.05,9683.22,8311.79
126,Southwest,Mountain West,MW-902,Intermountain Health,REP-13905,Coastal Regional Hospital,Delta Series,Disposables,DEL-500 Single Use Sealer 5MM,No,In Neither,4,3,2,1,2026-03-31,29077.39,25438.9,21611.34,12784.18
127,West,Pacific Northwest,PN-1002,Northwell Health,REP-98696,Valley Regional Hospital,Gamma Series,Capital Equipment,ALT-120 Absorbable Gelatin Sponge,Yes,In Neither,9,1,5,4,Active,28613.64,27954.76,21400.96,11522.92
128,Midwest,Great Lakes,GL-602,Sutter Health,REP-42098,Summit Community Hospital,Beta Series,Accessories,BET-300 4INx8IN Hemostatic Patch,No,In IDN System,2,3,4,3,2026-03-31,16263.84,20396.44,13082.17,11039.22
129,Northeast,Mid-Atlantic,MA-203,HCA Healthcare,REP-46048,Metro General Hospital,Gamma Series,Disposables,ALT-120 Absorbable Gelatin Sponge,Yes,In Neither,7,2,3,0,Active,3408.89,2840.29,2595.52,14391.84
130,West,Pacific Northwest,PN-1002,LifePoint Health,REP-65302,Riverside Health System,Beta Series,Accessories,ALT-100 3INx4IN Absorbable Hemostat,No,On Account Shelf,5,3,0,0,2025-06-30,10775.7,9761.06,8345.72,13506.76
131,Midwest,Central Plains,CP-701,SSM Health,REP-13905,Memorial Health System,Alpha Series,Accessories,ALT-100 3INx4IN Absorbable Hemostat,Yes,On Account Shelf,6,5,0,5,2025-06-30,27932.71,31963.22,19010.94,14245.85
132,Midwest,Central Plains,CP-702,Atrium Health,REP-65302,Parkview Medical Center,Beta Series,Service Contract,BET-310 Fibrin Sealant 2ML Kit,Yes,In Neither,10,1,3,4,2026-03-31,11970.66,13441.15,6847.51,19055.81
133,Northeast,New England,NE-103,Trinity Health,REP-87397,Memorial Health System,Beta Series,Service Contract,ALT-200 2INx14IN Wound Matrix,No,In Neither,8,4,5,2,2026-03-31,18533.6,19501.11,11523.7,21292.43
134,West,Pacific Northwest,PN-1002,HCA Healthcare,REP-42098,Memorial Health System,Alpha Series,Disposables,DEL-500 Single Use Sealer 5MM,Yes,On Account Shelf,6,5,1,4,2026-03-31,12838.05,10048.6,8143.16,5458.09
135,West,Pacific Northwest,PN-1001,Sutter Health,REP-81482,Riverside Regional Hospital,Beta Series,Accessories,GAM-160 Advanced Bipolar Forceps,Yes,In IDN System,1,3,1,1,2026-03-31,28932.96,29027.36,19478.81,17432.72
136,Southwest,Mountain West,MW-902,Trinity Health,REP-13278,Parkview Health System,Alpha Series,Disposables,DEL-500 Single Use Sealer 5MM,Yes,In IDN System,4,4,2,1,2026-03-31,17186.69,19997.21,11572.82,13259.34
137,West,Pacific Northwest,PN-1002,LifePoint Health,REP-40495,Parkview Regional Hospital,Delta Series,Disposables,BET-310 Fibrin Sealant 2ML Kit,Yes,In Neither,4,2,0,3,2025-12-31,10783.02,12832.19,7048.58,24854.98
138,Southeast,Carolinas,CA-302,Piedmont Healthcare,REP-39256,University Medical Center,Beta Series,Disposables,GAM-150 6INx8IN Energy Device Tip,Yes,In Neither,6,4,2,4,2025-06-30,10047.78,11277.95,6041.39,7416.23
139,West,Pacific Northwest,PN-1001,Piedmont Healthcare,REP-24592,Memorial General Hospital,Beta Series,Disposables,GAM-150 6INx8IN Energy Device Tip,Yes,In Neither,6,1,5,3,2026-03-31,4694.06,5066.96,3378.48,10004.14
140,Northeast,New England,NE-102,Banner Health,REP-87397,Riverside Health System,Delta Series,Accessories,ALT-120 Absorbable Gelatin Sponge,Yes,In Neither,2,5,3,5,2025-12-31,25578.13,30115.86,16349.55,24235.09
141,Southeast,Florida,FL-402,Intermountain Health,REP-81482,Coastal Regional Hospital,Beta Series,Service Contract,ALT-110 Oxidized Regenerated Cellulose Sheet,Yes,On Account Shelf,2,5,3,0,Active,27918.27,22189.16,18419.95,24804.12
142,Southwest,Texas,TX-803,Providence Health,REP-81482,Valley Medical Center,Gamma Series,Capital Equipment,ALT-110 Oxidized Regenerated Cellulose Sheet,No,On Account Shelf,6,5,5,1,Active,12192.08,10769.33,9080.72,6619.45
143,Northeast,New England,NE-101,Advocate Aurora,REP-22280,Summit Medical Center,Beta Series,Disposables,DEL-510 Vessel Sealer Extend 35CM,No,On Account Shelf,1,5,2,0,2026-03-31,20973.91,20693.28,12167.62,3143.95
144,Northeast,New England,NE-102,LifePoint Health,REP-81482,Riverside Regional Hospital,Delta Series,Disposables,BET-300 4INx8IN Hemostatic Patch,Yes,In Neither,10,0,4,5,2025-06-30,13482.93,15282.35,9705.39,4632.98
145,Southwest,Mountain West,MW-901,HCA Healthcare,REP-46048,Riverside Regional Hospital,Alpha Series,Service Contract,ALT-110 Oxidized Regenerated Cellulose Sheet,No,In IDN System,3,1,2,5,Active,7820.93,8294.87,5884.57,7838.1
146,Northeast,Mid-Atlantic,MA-201,Advocate Aurora,REP-65302,Valley Community Hospital,Alpha Series,Disposables,GAM-160 Advanced Bipolar Forceps,No,On Account Shelf,4,3,5,4,Active,16084.45,20694.55,13597.94,23414.19
147,Southeast,Florida,FL-403,Piedmont Healthcare,REP-87397,Heritage Regional Hospital,Beta Series,Service Contract,ALT-200 2INx14IN Wound Matrix,Yes,In Neither,2,0,2,1,Active,27716.09,35177.48,17718.65,7875.71
148,West,California,CA-1102,Northwell Health,REP-13278,Heritage Regional Hospital,Beta Series,Accessories,ALT-200 2INx14IN Wound Matrix,No,On Account Shelf,9,1,1,4,2025-12-31,12026.58,12995.64,9526.06,17345.34
149,Northeast,Mid-Atlantic,MA-203,Piedmont Healthcare,REP-23434,Mercy Community Hospital,Beta Series,Capital Equipment,BET-310 Fibrin Sealant 2ML Kit,Yes,In IDN System,10,4,0,2,2025-06-30,4023.57,4525.47,2999.67,4931.98
150,Midwest,Central Plains,CP-701,LifePoint Health,REP-42098,Memorial General Hospital,Alpha Series,Capital Equipment,ALT-110 Oxidized Regenerated Cellulose Sheet,No,In IDN System,9,0,2,5,Active,15136.35,15234.27,7861.88,21624.63
151,Southeast,Florida,FL-401,Banner Health,REP-46048,Parkview Health System,Alpha Series,Disposables,DEL-510 Vessel Sealer Extend 35CM,Yes,On Account Shelf,1,1,0,3,2025-12-31,11797.89,9320.93,9743.95,21579.64
152,West,California,CA-1101,Intermountain Health,REP-23434,University Medical Center,Gamma Series,Accessories,ALT-200 2INx14IN Wound Matrix,No,On Account Shelf,9,5,0,1,2025-06-30,24227.97,31226.18,20204.38,2654.23
153,Southwest,Mountain West,MW-902,Intermountain Health,REP-13278,Riverside General Hospital,Delta Series,Capital Equipment,ALT-110 Oxidized Regenerated Cellulose Sheet,Yes,In IDN System,10,2,5,4,2025-06-30,14185.84,14966.27,9542.48,19542.72
154,Southeast,Gulf Coast,GC-501,Providence Health,REP-93810,University Medical Center,Alpha Series,Disposables,DEL-510 Vessel Sealer Extend 35CM,No,In Neither,1,2,0,5,2026-03-31,25545.68,29028.3,13702.25,13715.55
155,Southeast,Florida,FL-402,CommonSpirit Health,REP-42098,Memorial General Hospital,Alpha Series,Capital Equipment,GAM-150 6INx8IN Energy Device Tip,No,In Neither,6,3,5,0,Active,15410.12,16678.83,9832.01,15205.5
156,Northeast,Mid-Atlantic,MA-203,Providence Health,REP-23434,Valley Community Hospital,Gamma Series,Accessories,BET-310 Fibrin Sealant 2ML Kit,No,In IDN System,8,2,1,0,2025-06-30,4515.3,5247.18,2429.87,3535.79
157,Southwest,Mountain West,MW-902,Piedmont Healthcare,REP-46048,Heritage Regional Hospital,Gamma Series,Disposables,GAM-160 Advanced Bipolar Forceps,No,In IDN System,5,0,0,1,2025-12-31,24878.41,27817.22,12790.37,21062.19
158,Midwest,Great Lakes,GL-601,Atrium Health,REP-87397,Valley Regional Hospital,Alpha Series,Accessories,DEL-500 Single Use Sealer 5MM,Yes,On Account Shelf,7,3,4,5,2025-06-30,3294.4,2507.51,2562.49,3914.88
159,Northeast,New England,NE-101,Advocate Aurora,REP-65302,St. Mary's Regional Hospital,Alpha Series,Accessories,ALT-200 2INx14IN Wound Matrix,Yes,On Account Shelf,4,5,3,1,Active,27199.8,32574.85,16756.23,2024.71
160,Southwest,Texas,TX-801,Piedmont Healthcare,REP-65302,Central Health System,Alpha Series,Service Contract,BET-310 Fibrin Sealant 2ML Kit,Yes,In IDN System,4,1,2,2,2026-03-31,26561,19144.89,19036.58,6898.83
161,Midwest,Central Plains,CP-702,Sutter Health,REP-24592,Capital Regional Hospital,Gamma Series,Service Contract,BET-300 4INx8IN Hemostatic Patch,No,On Account Shelf,9,1,5,4,Active,29687.41,34709.02,18575.09,14068.43
162,Southwest,Mountain West,MW-902,Northwell Health,REP-98696,Parkview Medical Center,Alpha Series,Accessories,ALT-120 Absorbable Gelatin Sponge,Yes,On Account Shelf,5,0,3,4,2025-12-31,23121.84,30052.92,19442.99,3403.22
163,Southeast,Florida,FL-403,CommonSpirit Health,REP-23434,Parkview Health System,Delta Series,Accessories,BET-300 4INx8IN Hemostatic Patch,Yes,On Account Shelf,10,2,5,5,2025-12-31,27462.41,19688.46,20464.89,23741.41
164,West,Pacific Northwest,PN-1001,Sutter Health,REP-40495,Summit Community Hospital,Beta Series,Service Contract,ALT-100 3INx4IN Absorbable Hemostat,Yes,On Account Shelf,4,4,1,0,2026-03-31,520.16,650.58,296.76,4131.75
165,Southeast,Florida,FL-401,Ascension Health,REP-42098,Memorial Community Hospital,Beta Series,Capital Equipment,DEL-510 Vessel Sealer Extend 35CM,No,On Account Shelf,6,5,5,3,Active,10428.55,9318.56,8776.16,18576.45
166,Southwest,Mountain West,MW-902,Trinity Health,REP-40495,University Medical Center,Gamma Series,Disposables,ALT-120 Absorbable Gelatin Sponge,Yes,In IDN System,5,5,5,2,2025-06-30,5742.39,4025.87,4282.12,14748.04
167,West,Pacific Northwest,PN-1001,Intermountain Health,REP-88907,Capital Medical Center,Alpha Series,Service Contract,BET-300 4INx8IN Hemostatic Patch,No,In Neither,2,1,2,2,2025-06-30,19267.51,24620.94,15174.74,17080.59
168,Midwest,Central Plains,CP-701,Banner Health,REP-28289,Metro General Hospital,Alpha Series,Accessories,DEL-500 Single Use Sealer 5MM,Yes,In Neither,1,0,3,3,2026-03-31,29088.5,35800.12,19564.31,10089.1
169,West,California,CA-1101,Sutter Health,REP-76237,Capital Medical Center,Beta Series,Service Contract,ALT-200 2INx14IN Wound Matrix,Yes,In IDN System,1,2,2,0,Active,10583.34,13046.71,5887.69,2800.06
170,Northeast,Mid-Atlantic,MA-203,Sutter Health,REP-93810,Parkview Health System,Beta Series,Service Contract,BET-300 4INx8IN Hemostatic Patch,Yes,On Account Shelf,6,1,1,3,2025-12-31,19987.64,17557.95,10664.82,10429.65
171,West,California,CA-1101,CommonSpirit Health,REP-87397,St. Mary's Community Hospital,Delta Series,Capital Equipment,DEL-500 Single Use Sealer 5MM,No,On Account Shelf,2,0,1,1,2025-12-31,29323.2,28858.2,15847.08,19837.04
172,Southwest,Mountain West,MW-902,HCA Healthcare,REP-40495,Capital Health System,Beta Series,Accessories,BET-310 Fibrin Sealant 2ML Kit,No,On Account Shelf,8,0,2,3,2026-03-31,8270.32,9942.97,5768.43,4627.14
173,Northeast,New England,NE-103,LifePoint Health,REP-40495,University Medical Center,Beta Series,Capital Equipment,BET-310 Fibrin Sealant 2ML Kit,No,In Neither,8,4,1,3,2025-12-31,2829.17,3512.89,2121.9,13050.44
174,West,Pacific Northwest,PN-1001,SSM Health,REP-39256,Valley Medical Center,Beta Series,Disposables,BET-300 4INx8IN Hemostatic Patch,Yes,In IDN System,2,5,3,1,2025-06-30,25106.19,21459.06,20556.49,22940.17
175,Northeast,New England,NE-102,Northwell Health,REP-40495,Memorial Health System,Gamma Series,Service Contract,ALT-100 3INx4IN Absorbable Hemostat,No,On Account Shelf,7,1,1,4,Active,27785.38,28830.4,14874.81,7866.23
176,West,California,CA-1102,Banner Health,REP-65302,Central Health System,Delta Series,Capital Equipment,BET-300 4INx8IN Hemostatic Patch,No,In IDN System,3,4,4,5,2026-03-31,1644.08,2028.37,1012.79,6701.9
177,Southwest,Mountain West,MW-902,Ascension Health,REP-21395,Summit Community Hospital,Gamma Series,Accessories,GAM-160 Advanced Bipolar Forceps,Yes,On Account Shelf,3,2,5,3,2025-12-31,8447.89,8026.03,6132.7,5510.46
178,Southeast,Florida,FL-403,Sutter Health,REP-38657,St. Mary's Regional Hospital,Alpha Series,Disposables,ALT-200 2INx14IN Wound Matrix,No,In Neither,9,3,1,4,Active,5625.25,6891.54,3207.82,2383.06
179,Northeast,Mid-Atlantic,MA-201,LifePoint Health,REP-28289,Memorial General Hospital,Gamma Series,Service Contract,DEL-510 Vessel Sealer Extend 35CM,No,In Neither,2,5,0,1,2025-12-31,14919.21,14436.75,12475.18,12389.97
180,West,California,CA-1102,Trinity Health,REP-98696,Capital Regional Hospital,Gamma Series,Capital Equipment,BET-310 Fibrin Sealant 2ML Kit,Yes,On Account Shelf,10,1,1,5,2025-06-30,20492.01,17652.85,13183.07,1481.26
181,Northeast,Mid-Atlantic,MA-201,Trinity Health,REP-88907,St. Mary's Community Hospital,Beta Series,Accessories,ALT-120 Absorbable Gelatin Sponge,No,In Neither,5,3,3,2,2026-03-31,7933.96,7775.43,5847.48,20783.46
182,Southwest,Texas,TX-801,LifePoint Health,REP-40495,Lakeside Health System,Gamma Series,Accessories,ALT-200 2INx14IN Wound Matrix,No,On Account Shelf,6,2,5,2,2025-12-31,8203.83,9242.9,6664.22,8170.99
183,Southeast,Gulf Coast,GC-501,CommonSpirit Health,REP-88907,Valley Regional Hospital,Gamma Series,Disposables,ALT-100 3INx4IN Absorbable Hemostat,No,In IDN System,5,3,3,3,Active,17699.2,22953.25,13904.58,9236.01
184,Southeast,Gulf Coast,GC-502,LifePoint Health,REP-38657,Summit Community Hospital,Beta Series,Disposables,DEL-500 Single Use Sealer 5MM,Yes,In IDN System,3,5,2,5,2025-06-30,28434.24,35251.48,20730.04,6334.08
185,Southeast,Gulf Coast,GC-502,Piedmont Healthcare,REP-21395,St. Mary's Regional Hospital,Gamma Series,Accessories,GAM-160 Advanced Bipolar Forceps,Yes,In IDN System,1,5,4,4,Active,14430.48,11785.75,7820.39,17336.75
186,West,California,CA-1102,CommonSpirit Health,REP-42098,Riverside Regional Hospital,Beta Series,Accessories,BET-310 Fibrin Sealant 2ML Kit,No,On Account Shelf,6,5,1,0,2026-03-31,10312.57,13323.68,6287.52,2392.33
187,Southwest,Mountain West,MW-901,Trinity Health,REP-76237,Valley Medical Center,Delta Series,Capital Equipment,BET-300 4INx8IN Hemostatic Patch,No,In Neither,7,3,3,3,2026-03-31,637.74,650.67,481.96,23801.65
188,Midwest,Great Lakes,GL-601,Ascension Health,REP-23434,Capital Medical Center,Gamma Series,Accessories,BET-300 4INx8IN Hemostatic Patch,Yes,In IDN System,9,4,2,1,Active,24803.39,21800.23,14926.43,18467.97
189,West,California,CA-1102,Providence Health,REP-21395,Central Health System,Gamma Series,Disposables,BET-300 4INx8IN Hemostatic Patch,No,On Account Shelf,4,1,5,1,2025-06-30,22155.26,23347.56,12388,9798.19
190,Northeast,Mid-Atlantic,MA-203,Banner Health,REP-40495,University Medical Center,Alpha Series,Capital Equipment,ALT-200 2INx14IN Wound Matrix,Yes,On Account Shelf,2,3,3,3,Active,16644.83,16389.13,9214.49,17684.61
191,Northeast,Mid-Atlantic,MA-202,Tenet Healthcare,REP-38657,Memorial General Hospital,Beta Series,Service Contract,ALT-200 2INx14IN Wound Matrix,Yes,In IDN System,2,0,3,1,2025-06-30,23449.79,28113.94,19711.7,9590.12
192,Southwest,Mountain West,MW-901,CommonSpirit Health,REP-40495,Central Health System,Beta Series,Service Contract,ALT-110 Oxidized Regenerated Cellulose Sheet,Yes,On Account Shelf,1,5,0,0,2026-03-31,4899.76,3694.66,3327.41,18365.53
193,Northeast,Mid-Atlantic,MA-203,Atrium Health,REP-13905,Valley Community Hospital,Gamma Series,Service Contract,ALT-100 3INx4IN Absorbable Hemostat,Yes,On Account Shelf,1,2,2,5,2025-12-31,13066.86,10055.48,10426.52,22367.01
194,Northeast,New England,NE-103,Trinity Health,REP-21395,Metro Medical Center,Delta Series,Accessories,ALT-200 2INx14IN Wound Matrix,No,In IDN System,3,0,3,3,2026-03-31,8519.08,7934.92,6795.97,20197.58
195,Southeast,Carolinas,CA-301,CommonSpirit Health,REP-39256,Metro General Hospital,Delta Series,Service Contract,ALT-120 Absorbable Gelatin Sponge,No,On Account Shelf,10,3,2,4,Active,25945.99,31860.9,19577.48,22402.31
196,Southwest,Mountain West,MW-901,Piedmont Healthcare,REP-13905,Parkview Regional Hospital,Alpha Series,Accessories,ALT-110 Oxidized Regenerated Cellulose Sheet,Yes,In Neither,9,5,4,5,2025-06-30,29347.92,32338.67,18148.91,13554.48
197,West,Pacific Northwest,PN-1002,Atrium Health,REP-22280,Metro Medical Center,Delta Series,Disposables,DEL-510 Vessel Sealer Extend 35CM,Yes,On Account Shelf,3,4,3,3,2025-06-30,2708.52,2694.95,1582.62,24283.48
198,Northeast,New England,NE-103,Northwell Health,REP-65302,Metro General Hospital,Alpha Series,Service Contract,GAM-160 Advanced Bipolar Forceps,No,On Account Shelf,8,3,2,0,2026-03-31,22484.55,15978.9,14417.18,1859.97
199,West,Pacific Northwest,PN-1001,Dignity Health,REP-38657,Riverside General Hospital,Beta Series,Service Contract,ALT-110 Oxidized Regenerated Cellulose Sheet,No,On Account Shelf,4,3,2,4,2026-03-31,21641.41,19866.31,14248.41,3338.49
200,Southeast,Carolinas,CA-302,LifePoint Health,REP-81482,Riverside General Hospital,Gamma Series,Capital Equipment,ALT-100 3INx4IN Absorbable Hemostat,Yes,In IDN System,3,5,5,5,2026-03-31,3655.36,3898.48,2067.62,23325.19
201,Southwest,Texas,TX-802,Advocate Aurora,REP-21395,Metro General Hospital,Delta Series,Capital Equipment,ALT-120 Absorbable Gelatin Sponge,Yes,In IDN System,8,5,4,4,2025-06-30,28933.72,20328.91,21922.35,14277.43
202,Southwest,Mountain West,MW-901,Trinity Health,REP-42098,Metro General Hospital,Delta Series,Accessories,DEL-510 Vessel Sealer Extend 35CM,No,In IDN System,10,5,1,2,2026-03-31,28926.01,37091.68,19047.66,4200.92
203,Southwest,Mountain West,MW-902,Advocate Aurora,REP-28289,Coastal Health System,Gamma Series,Accessories,BET-300 4INx8IN Hemostatic Patch,Yes,In Neither,9,5,5,2,Active,22942.86,23800.19,16151.36,23624.17
204,Southwest,Mountain West,MW-902,Ascension Health,REP-38657,Metro General Hospital,Alpha Series,Service Contract,BET-300 4INx8IN Hemostatic Patch,Yes,In Neither,1,1,2,1,2025-12-31,20660.01,16277.13,10778.56,19824.58
205,Southeast,Gulf Coast,GC-501,LifePoint Health,REP-13905,Metro General Hospital,Beta Series,Service Contract,GAM-150 6INx8IN Energy Device Tip,No,In Neither,1,3,3,3,2025-12-31,28992.08,21230.36,22042.23,5874.09
206,Southwest,Texas,TX-803,LifePoint Health,REP-76237,Heritage Regional Hospital,Beta Series,Disposables,DEL-500 Single Use Sealer 5MM,No,On Account Shelf,2,1,1,5,Active,11627.35,11128.59,8078.79,4121.6
207,West,California,CA-1101,Intermountain Health,REP-13905,Capital Health System,Alpha Series,Disposables,ALT-110 Oxidized Regenerated Cellulose Sheet,Yes,In Neither,10,5,2,3,2025-12-31,2649.98,2980.19,1812.29,23967.71
208,West,Pacific Northwest,PN-1001,Piedmont Healthcare,REP-40495,Heritage Regional Hospital,Delta Series,Capital Equipment,ALT-110 Oxidized Regenerated Cellulose Sheet,Yes,On Account Shelf,6,2,2,2,2025-06-30,28534.09,30559.11,19009.41,14472.03
209,Northeast,New England,NE-103,LifePoint Health,REP-13905,Metro General Hospital,Beta Series,Capital Equipment,ALT-110 Oxidized Regenerated Cellulose Sheet,No,On Account Shelf,7,2,4,5,2025-12-31,1228.82,1241.26,945.79,13343.42
210,West,California,CA-1102,CommonSpirit Health,REP-81482,Horizon Health System,Gamma Series,Capital Equipment,ALT-200 2INx14IN Wound Matrix,Yes,In Neither,9,0,5,0,2025-06-30,20274.89,23603,16275.32,11181.03
211,Northeast,New England,NE-103,Piedmont Healthcare,REP-13278,Capital Health System,Alpha Series,Service Contract,ALT-110 Oxidized Regenerated Cellulose Sheet,Yes,On Account Shelf,2,0,1,2,Active,17461.39,14607.98,10311.42,10312.78
212,Southwest,Mountain West,MW-902,Ascension Health,REP-65302,Horizon Health System,Alpha Series,Capital Equipment,ALT-120 Absorbable Gelatin Sponge,Yes,In Neither,2,2,4,0,2025-12-31,23713.31,20886.93,12574.62,19366.58
213,Southwest,Mountain West,MW-902,Ascension Health,REP-22280,Valley Medical Center,Beta Series,Disposables,BET-310 Fibrin Sealant 2ML Kit,No,In Neither,3,2,5,5,2025-12-31,28743.05,20312.43,23171.74,4392.97
214,Northeast,New England,NE-103,Northwell Health,REP-40495,Riverside General Hospital,Alpha Series,Accessories,GAM-150 6INx8IN Energy Device Tip,No,On Account Shelf,7,5,4,1,2025-06-30,5927.79,6343.51,3488.27,3750.94
215,West,Pacific Northwest,PN-1002,HCA Healthcare,REP-81482,Summit Medical Center,Gamma Series,Capital Equipment,GAM-150 6INx8IN Energy Device Tip,No,In IDN System,6,1,5,5,2025-06-30,3451.33,3698.82,2812.98,8626.86
216,Southwest,Mountain West,MW-902,Providence Health,REP-76237,Parkview Health System,Gamma Series,Accessories,BET-310 Fibrin Sealant 2ML Kit,Yes,On Account Shelf,6,1,1,5,2026-03-31,8662.06,7931.78,6391.33,8957.51
217,Southwest,Mountain West,MW-902,LifePoint Health,REP-81482,Central Health System,Alpha Series,Disposables,ALT-120 Absorbable Gelatin Sponge,Yes,In IDN System,3,4,1,2,Active,21959.05,27125.2,17509.17,16159.04
218,West,California,CA-1103,Advocate Aurora,REP-24592,Riverside General Hospital,Gamma Series,Service Contract,BET-300 4INx8IN Hemostatic Patch,No,In IDN System,4,4,5,2,2025-06-30,14208.68,14297.44,9077.57,13052.01
219,Southeast,Gulf Coast,GC-501,Providence Health,REP-13905,Valley Medical Center,Beta Series,Disposables,GAM-160 Advanced Bipolar Forceps,No,On Account Shelf,4,3,1,0,2025-12-31,11398.34,8271.61,6524.08,22785.43
220,Midwest,Central Plains,CP-702,SSM Health,REP-24592,Parkview Regional Hospital,Gamma Series,Capital Equipment,DEL-510 Vessel Sealer Extend 35CM,No,In Neither,5,4,4,4,2025-06-30,11611.46,10765.11,8194.06,22557.44
221,Northeast,Mid-Atlantic,MA-202,Atrium Health,REP-38657,Valley Regional Hospital,Gamma Series,Accessories,GAM-160 Advanced Bipolar Forceps,No,In Neither,1,4,1,3,2025-06-30,7284.73,7348.29,4358.33,4605.77
222,Southeast,Florida,FL-403,Tenet Healthcare,REP-23434,University Medical Center,Gamma Series,Capital Equipment,GAM-160 Advanced Bipolar Forceps,No,In IDN System,4,4,1,5,2026-03-31,1162.16,843.6,814.35,4867.1
223,West,Pacific Northwest,PN-1001,CommonSpirit Health,REP-39256,Heritage Medical Center,Beta Series,Service Contract,ALT-120 Absorbable Gelatin Sponge,Yes,In Neither,5,0,1,3,2026-03-31,26085.42,20929.38,20623.84,15420.13
224,West,Pacific Northwest,PN-1002,Trinity Health,REP-21395,Riverside Health System,Alpha Series,Disposables,BET-310 Fibrin Sealant 2ML Kit,No,On Account Shelf,2,0,1,4,2026-03-31,24882.17,26457.38,13986.21,22638.6
225,West,Pacific Northwest,PN-1001,HCA Healthcare,REP-22280,Riverside Regional Hospital,Alpha Series,Service Contract,DEL-510 Vessel Sealer Extend 35CM,No,In IDN System,1,5,4,3,2025-06-30,28183.44,27881.15,21674.05,9412.43
226,West,Pacific Northwest,PN-1002,Providence Health,REP-98696,Horizon Regional Hospital,Beta Series,Capital Equipment,DEL-500 Single Use Sealer 5MM,No,In IDN System,4,0,5,5,Active,17550.62,13526.21,8819.5,16709.11
227,Midwest,Central Plains,CP-702,Tenet Healthcare,REP-42098,Parkview Health System,Gamma Series,Accessories,DEL-510 Vessel Sealer Extend 35CM,No,In Neither,6,4,2,5,2026-03-31,22771.67,21586.11,17632.69,12579.23
228,Midwest,Central Plains,CP-702,Dignity Health,REP-76237,Metro Medical Center,Delta Series,Disposables,ALT-200 2INx14IN Wound Matrix,Yes,In IDN System,3,0,1,4,2026-03-31,23689.39,27965.61,16935.76,17429.55
229,Northeast,New England,NE-102,Ascension Health,REP-13278,Capital Health System,Delta Series,Service Contract,ALT-200 2INx14IN Wound Matrix,Yes,In IDN System,4,2,0,4,Active,21872.59,27524.71,14003.39,16748.21
230,Midwest,Great Lakes,GL-601,Sutter Health,REP-13905,St. Mary's Community Hospital,Beta Series,Accessories,GAM-150 6INx8IN Energy Device Tip,Yes,In Neither,9,4,5,1,2025-06-30,20383.72,18668.31,14864.96,24415.5
231,Northeast,Mid-Atlantic,MA-202,LifePoint Health,REP-65302,Valley Regional Hospital,Beta Series,Capital Equipment,ALT-200 2INx14IN Wound Matrix,Yes,In Neither,5,5,4,4,2025-12-31,10750.52,12785.69,6226.74,24113.37
232,Southwest,Mountain West,MW-901,Banner Health,REP-39256,University Medical Center,Alpha Series,Capital Equipment,DEL-510 Vessel Sealer Extend 35CM,No,In IDN System,2,4,2,4,2025-12-31,20978.66,26844.99,14624.41,19479.21
233,Midwest,Central Plains,CP-702,Ascension Health,REP-22280,Horizon Health System,Gamma Series,Capital Equipment,BET-310 Fibrin Sealant 2ML Kit,Yes,In Neither,4,2,3,2,Active,21174.15,18167.63,12716.16,10574.34
234,Midwest,Great Lakes,GL-603,Trinity Health,REP-22280,Memorial Health System,Gamma Series,Disposables,ALT-120 Absorbable Gelatin Sponge,No,On Account Shelf,4,3,5,1,2025-06-30,22195.16,27159.01,12703.9,5866.4
235,Southeast,Gulf Coast,GC-502,Providence Health,REP-46048,Horizon Health System,Alpha Series,Service Contract,ALT-120 Absorbable Gelatin Sponge,Yes,In Neither,1,3,2,4,2025-12-31,15024.04,19399.29,12228.82,21850.45
236,Southwest,Texas,TX-803,Banner Health,REP-65302,Capital Medical Center,Beta Series,Capital Equipment,DEL-510 Vessel Sealer Extend 35CM,No,In IDN System,9,0,4,2,2026-03-31,25881.8,30166.33,17082.47,3888.84
237,West,California,CA-1102,Ascension Health,REP-93810,Coastal Health System,Delta Series,Capital Equipment,ALT-110 Oxidized Regenerated Cellulose Sheet,No,In Neither,5,1,4,2,2025-06-30,8447.54,10771.59,5238.18,5413.93
238,Southwest,Texas,TX-802,LifePoint Health,REP-87397,Valley Regional Hospital,Gamma Series,Service Contract,BET-300 4INx8IN Hemostatic Patch,Yes,In Neither,4,0,5,2,2025-06-30,16882.53,20491.77,9599.78,20200.9
239,Southeast,Florida,FL-401,Trinity Health,REP-14165,Central Health System,Beta Series,Accessories,GAM-160 Advanced Bipolar Forceps,No,In IDN System,9,4,0,3,Active,20871.02,15361.53,16380.33,12436.95
240,Northeast,Mid-Atlantic,MA-203,Intermountain Health,REP-98696,St. Mary's Regional Hospital,Gamma Series,Accessories,ALT-110 Oxidized Regenerated Cellulose Sheet,Yes,In IDN System,2,2,5,4,2025-06-30,17517.19,19092.32,12059.77,24504.96
241,Midwest,Central Plains,CP-702,Sutter Health,REP-13905,Capital Regional Hospital,Delta Series,Accessories,GAM-160 Advanced Bipolar Forceps,Yes,On Account Shelf,6,3,5,4,2026-03-31,25542.57,18973.19,14219.54,6477.23
242,Midwest,Central Plains,CP-702,Northwell Health,REP-98696,Mercy Health System,Gamma Series,Service Contract,BET-310 Fibrin Sealant 2ML Kit,Yes,On Account Shelf,1,1,5,1,2025-12-31,28242.9,31643.86,14912.89,5005.85
243,Northeast,New England,NE-101,Sutter Health,REP-40495,Mercy Community Hospital,Alpha Series,Service Contract,DEL-510 Vessel Sealer Extend 35CM,Yes,On Account Shelf,5,4,1,0,2026-03-31,9626.43,8167.43,5770.67,16035.54
244,Southeast,Gulf Coast,GC-501,Ascension Health,REP-24592,Metro Medical Center,Gamma Series,Service Contract,GAM-160 Advanced Bipolar Forceps,No,In Neither,8,1,5,4,2025-06-30,17929.51,17462.02,13664.42,22055.05
245,Southwest,Mountain West,MW-902,Sutter Health,REP-40495,Capital Medical Center,Alpha Series,Service Contract,DEL-500 Single Use Sealer 5MM,No,In IDN System,5,1,2,0,Active,15937.83,18407.81,8729.23,7882.29
246,West,Pacific Northwest,PN-1002,Sutter Health,REP-81482,St. Mary's Community Hospital,Delta Series,Accessories,ALT-120 Absorbable Gelatin Sponge,Yes,On Account Shelf,9,2,1,3,2026-03-31,12145.19,9691.4,9205.95,10353.36
247,Southwest,Texas,TX-802,HCA Healthcare,REP-14165,Metro General Hospital,Gamma Series,Accessories,DEL-510 Vessel Sealer Extend 35CM,No,In IDN System,4,0,1,1,2025-12-31,3755.51,3654.88,2472.89,17811.34
248,Southwest,Texas,TX-802,Ascension Health,REP-42098,Mercy Community Hospital,Alpha Series,Disposables,ALT-200 2INx14IN Wound Matrix,No,In IDN System,3,5,3,5,Active,7367.91,5823.67,4956.78,9205.91
249,Midwest,Central Plains,CP-702,SSM Health,REP-24592,Coastal Regional Hospital,Alpha Series,Disposables,ALT-100 3INx4IN Absorbable Hemostat,No,In IDN System,2,4,3,1,2025-06-30,26923.12,22885.94,17057.2,1302.77
250,Southeast,Florida,FL-402,Atrium Health,REP-24592,Horizon Health System,Delta Series,Capital Equipment,DEL-510 Vessel Sealer Extend 35CM,Yes,In IDN System,7,5,2,2,2025-06-30,19060.35,13824.69,15783.82,13502.23
251,Midwest,Central Plains,CP-702,Advocate Aurora,REP-87397,Mercy Community Hospital,Beta Series,Capital Equipment,GAM-150 6INx8IN Energy Device Tip,No,In IDN System,1,1,2,4,Active,12176.34,10299.4,10217.07,14945.85
252,Southwest,Texas,TX-802,HCA Healthcare,REP-23434,Valley Medical Center,Delta Series,Capital Equipment,ALT-120 Absorbable Gelatin Sponge,No,In Neither,1,0,2,5,2025-06-30,21189.18,24894.74,11527.75,6584.19
253,West,California,CA-1102,Advocate Aurora,REP-93810,Capital Health System,Gamma Series,Disposables,DEL-500 Single Use Sealer 5MM,Yes,In IDN System,8,4,2,4,2026-03-31,6098.39,4951.75,3791.26,18577.66
254,Midwest,Great Lakes,GL-601,Providence Health,REP-13905,Valley Community Hospital,Gamma Series,Accessories,GAM-160 Advanced Bipolar Forceps,Yes,In Neither,9,3,5,1,Active,18782.17,17250.39,13468.11,8696.66
255,Northeast,Mid-Atlantic,MA-201,Sutter Health,REP-40495,Capital Health System,Gamma Series,Accessories,BET-310 Fibrin Sealant 2ML Kit,No,On Account Shelf,2,4,5,0,Active,25138.2,19554.11,20254.41,5849.9
256,Southwest,Texas,TX-801,CommonSpirit Health,REP-76237,Capital Health System,Delta Series,Accessories,ALT-100 3INx4IN Absorbable Hemostat,No,On Account Shelf,10,5,0,0,2025-06-30,19844.61,24945.51,15701.6,12233.42
257,Northeast,Mid-Atlantic,MA-203,Piedmont Healthcare,REP-87397,Mercy Community Hospital,Gamma Series,Capital Equipment,ALT-200 2INx14IN Wound Matrix,No,On Account Shelf,4,4,0,0,2025-06-30,16184,13168.54,11072.56,6970.31
258,Southeast,Gulf Coast,GC-502,Tenet Healthcare,REP-76237,Metro Medical Center,Delta Series,Service Contract,ALT-200 2INx14IN Wound Matrix,Yes,On Account Shelf,9,3,4,2,2025-06-30,16250.06,17224.24,13434.44,22659.64
259,West,California,CA-1102,Piedmont Healthcare,REP-14165,Memorial Health System,Beta Series,Disposables,BET-310 Fibrin Sealant 2ML Kit,No,In IDN System,8,3,3,0,Active,29497.22,31192.06,20092.42,24841.89
260,Midwest,Great Lakes,GL-602,Atrium Health,REP-28289,Memorial Health System,Alpha Series,Accessories,DEL-510 Vessel Sealer Extend 35CM,Yes,On Account Shelf,1,3,2,1,2025-06-30,8317.15,10261.49,4885.91,7149.85
261,Midwest,Great Lakes,GL-603,Northwell Health,REP-76237,Coastal Health System,Alpha Series,Accessories,GAM-160 Advanced Bipolar Forceps,Yes,In IDN System,10,0,4,5,2025-12-31,1602.46,1898.92,1015.22,19722.93
262,Midwest,Central Plains,CP-702,Piedmont Healthcare,REP-46048,Capital Medical Center,Alpha Series,Service Contract,ALT-100 3INx4IN Absorbable Hemostat,No,In Neither,1,2,4,4,2025-06-30,10141.53,11344.94,5614.54,17167.25
263,Southwest,Mountain West,MW-901,Atrium Health,REP-14165,Valley Community Hospital,Delta Series,Disposables,BET-300 4INx8IN Hemostatic Patch,No,On Account Shelf,8,4,5,0,2026-03-31,8245.46,7743.45,5376.63,17748.89
264,Southeast,Florida,FL-403,Advocate Aurora,REP-22280,Valley Regional Hospital,Beta Series,Disposables,GAM-150 6INx8IN Energy Device Tip,Yes,In IDN System,7,2,5,4,Active,3819.63,3621.58,2398.13,5571.75
265,Midwest,Great Lakes,GL-602,Trinity Health,REP-87397,University Medical Center,Delta Series,Disposables,GAM-160 Advanced Bipolar Forceps,Yes,On Account Shelf,4,5,2,1,Active,3814.97,2795.32,3174.55,23241.51
266,Midwest,Great Lakes,GL-602,Tenet Healthcare,REP-81482,Mercy Health System,Delta Series,Capital Equipment,ALT-110 Oxidized Regenerated Cellulose Sheet,Yes,In Neither,9,1,1,4,2025-12-31,16689.6,17921.71,14141.19,17681.71
267,Northeast,Mid-Atlantic,MA-203,CommonSpirit Health,REP-98696,Valley Medical Center,Alpha Series,Accessories,GAM-150 6INx8IN Energy Device Tip,No,On Account Shelf,8,5,0,0,2026-03-31,19981,21934.92,16374.51,9645.26
268,Northeast,New England,NE-102,Northwell Health,REP-23434,Capital Health System,Alpha Series,Accessories,GAM-160 Advanced Bipolar Forceps,Yes,On Account Shelf,4,4,3,4,Active,1672.7,2096.5,1014.87,12758.39
269,Southeast,Carolinas,CA-302,LifePoint Health,REP-87397,Summit Community Hospital,Beta Series,Accessories,ALT-100 3INx4IN Absorbable Hemostat,No,In IDN System,1,4,2,1,2025-06-30,10582.69,9902.31,5799.75,18517.35
270,West,Pacific Northwest,PN-1002,Atrium Health,REP-76237,Capital Health System,Delta Series,Accessories,ALT-120 Absorbable Gelatin Sponge,No,In IDN System,9,1,1,5,2025-06-30,17640.41,19588.43,10069.3,4314.63
271,West,Pacific Northwest,PN-1002,Providence Health,REP-76237,Valley Medical Center,Gamma Series,Capital Equipment,DEL-510 Vessel Sealer Extend 35CM,Yes,On Account Shelf,6,1,5,0,2025-12-31,26463.89,25098.99,17041.11,11632.11
272,Midwest,Great Lakes,GL-601,Tenet Healthcare,REP-42098,Parkview Medical Center,Alpha Series,Accessories,ALT-120 Absorbable Gelatin Sponge,Yes,In Neither,4,1,5,0,2025-12-31,2844.53,3322.11,1555.76,21307.32
273,Southwest,Mountain West,MW-901,Northwell Health,REP-22280,Horizon Regional Hospital,Beta Series,Disposables,GAM-150 6INx8IN Energy Device Tip,Yes,On Account Shelf,7,0,2,3,2025-06-30,22399.82,28961.76,17140.83,2587.27
274,Southwest,Mountain West,MW-902,SSM Health,REP-23434,Parkview Health System,Delta Series,Capital Equipment,ALT-120 Absorbable Gelatin Sponge,No,In Neither,6,3,4,5,Active,15859.15,15398.69,12520.06,2017.98
275,Southeast,Gulf Coast,GC-502,CommonSpirit Health,REP-40495,Capital Health System,Alpha Series,Disposables,DEL-500 Single Use Sealer 5MM,No,In IDN System,5,2,3,1,2026-03-31,9185.38,11494.77,6810.81,22688.22
276,Southwest,Mountain West,MW-901,Tenet Healthcare,REP-39256,Memorial Community Hospital,Beta Series,Service Contract,BET-310 Fibrin Sealant 2ML Kit,No,In IDN System,1,1,3,4,2025-06-30,26535.18,20010.39,16277.37,16565.83
277,Southeast,Gulf Coast,GC-501,HCA Healthcare,REP-46048,Mercy Health System,Gamma Series,Capital Equipment,DEL-510 Vessel Sealer Extend 35CM,No,In Neither,9,4,1,3,2026-03-31,1795.23,1440.73,1108.23,21911.33
278,Southeast,Carolinas,CA-301,Trinity Health,REP-24592,University Medical Center,Gamma Series,Accessories,GAM-160 Advanced Bipolar Forceps,No,In Neither,3,0,1,1,Active,18865.53,16070.91,12461.15,21529.87
279,West,Pacific Northwest,PN-1002,Atrium Health,REP-28289,Memorial Community Hospital,Delta Series,Service Contract,BET-310 Fibrin Sealant 2ML Kit,No,On Account Shelf,10,4,0,1,2025-12-31,18783.1,19431.67,14816.83,2174.05
280,Southeast,Carolinas,CA-302,CommonSpirit Health,REP-42098,Parkview Regional Hospital,Gamma Series,Accessories,ALT-200 2INx14IN Wound Matrix,Yes,On Account Shelf,7,1,1,5,2025-12-31,18527.15,20656.07,13121.65,19895.38
281,Southeast,Florida,FL-403,LifePoint Health,REP-24592,Capital Regional Hospital,Gamma Series,Accessories,ALT-110 Oxidized Regenerated Cellulose Sheet,No,On Account Shelf,7,4,0,2,2026-03-31,4469.1,4990.96,2663.79,13649.27
282,West,Pacific Northwest,PN-1001,CommonSpirit Health,REP-46048,Parkview Health System,Alpha Series,Service Contract,ALT-120 Absorbable Gelatin Sponge,No,In IDN System,10,2,2,4,2025-12-31,27849.61,29759.37,18763.37,18500.43
283,Southwest,Mountain West,MW-901,Atrium Health,REP-81482,Horizon Health System,Alpha Series,Capital Equipment,ALT-100 3INx4IN Absorbable Hemostat,No,In Neither,2,5,1,4,2026-03-31,12714.21,11446.29,8850.94,16300.09
284,Northeast,New England,NE-103,Dignity Health,REP-98696,Summit Medical Center,Gamma Series,Accessories,DEL-510 Vessel Sealer Extend 35CM,No,On Account Shelf,2,5,2,2,2026-03-31,21869.7,23391.74,11157.73,5215.1
285,Midwest,Central Plains,CP-702,Sutter Health,REP-24592,Riverside Regional Hospital,Delta Series,Disposables,GAM-160 Advanced Bipolar Forceps,No,In IDN System,7,5,0,4,2025-12-31,17165.81,19001.15,11918.43,1449.24
286,West,California,CA-1102,HCA Healthcare,REP-42098,Memorial General Hospital,Alpha Series,Accessories,BET-310 Fibrin Sealant 2ML Kit,Yes,In Neither,10,3,1,4,Active,26005.51,29930.37,19422.04,8547.99
287,Northeast,Mid-Atlantic,MA-202,HCA Healthcare,REP-22280,Metro General Hospital,Gamma Series,Service Contract,DEL-500 Single Use Sealer 5MM,Yes,In Neither,5,1,0,2,Active,23444.82,29259.42,15363.88,1598.43
288,Southwest,Texas,TX-801,Intermountain Health,REP-22280,Coastal Regional Hospital,Gamma Series,Accessories,BET-300 4INx8IN Hemostatic Patch,Yes,In Neither,3,1,5,0,2026-03-31,11933.85,14546,6450.75,8463.55
289,Northeast,New England,NE-102,SSM Health,REP-24592,Metro General Hospital,Gamma Series,Capital Equipment,ALT-120 Absorbable Gelatin Sponge,No,In Neither,4,2,1,1,2025-12-31,8661.16,7721.34,5667.78,3823.62
290,Southeast,Carolinas,CA-302,Tenet Healthcare,REP-93810,University Medical Center,Alpha Series,Disposables,DEL-510 Vessel Sealer Extend 35CM,No,In Neither,6,2,1,5,2025-12-31,17435.45,13996.57,10617.88,22413.83
291,West,California,CA-1101,Providence Health,REP-93810,Horizon Regional Hospital,Alpha Series,Capital Equipment,BET-310 Fibrin Sealant 2ML Kit,Yes,On Account Shelf,7,3,1,5,2026-03-31,18681.3,16578.99,14685.46,18109.57
292,West,Pacific Northwest,PN-1002,Providence Health,REP-13278,Riverside Health System,Alpha Series,Service Contract,DEL-500 Single Use Sealer 5MM,No,In IDN System,4,1,1,4,2025-12-31,27429.42,25653.26,20431.22,16964.33
293,Midwest,Central Plains,CP-702,Ascension Health,REP-13278,Horizon Regional Hospital,Alpha Series,Accessories,GAM-160 Advanced Bipolar Forceps,No,On Account Shelf,5,2,4,4,2025-06-30,15484.52,14608.28,11613.32,3567.55
294,West,Pacific Northwest,PN-1002,SSM Health,REP-65302,Memorial Community Hospital,Delta Series,Disposables,ALT-120 Absorbable Gelatin Sponge,Yes,In Neither,3,3,3,0,2025-12-31,6643.03,7416.52,4323.96,24524.93
295,West,California,CA-1103,Atrium Health,REP-39256,Summit Medical Center,Delta Series,Capital Equipment,ALT-120 Absorbable Gelatin Sponge,No,In IDN System,9,0,3,1,2025-12-31,28698.56,21287.58,15441.57,20537.6
296,Southwest,Mountain West,MW-902,CommonSpirit Health,REP-13278,Coastal Health System,Beta Series,Capital Equipment,BET-300 4INx8IN Hemostatic Patch,Yes,In IDN System,9,2,3,4,2026-03-31,6272.17,6955.27,3831.1,14686.63
297,Midwest,Central Plains,CP-702,HCA Healthcare,REP-76237,St. Mary's Community Hospital,Delta Series,Disposables,DEL-500 Single Use Sealer 5MM,Yes,In IDN System,9,0,0,5,2025-12-31,3736.1,3247.89,1908.83,11361.17
298,West,California,CA-1103,Intermountain Health,REP-65302,Valley Regional Hospital,Delta Series,Service Contract,DEL-510 Vessel Sealer Extend 35CM,Yes,In Neither,3,3,1,1,2026-03-31,25378.17,23250.79,16395.12,7923.3
299,Southeast,Carolinas,CA-301,HCA Healthcare,REP-93810,Capital Health System,Delta Series,Service Contract,BET-300 4INx8IN Hemostatic Patch,Yes,On Account Shelf,7,3,5,4,2026-03-31,18885.83,18369.05,12246.4,20681.71
300,Southwest,Mountain West,MW-901,Trinity Health,REP-14165,Lakeside Health System,Alpha Series,Service Contract,GAM-150 6INx8IN Energy Device Tip,No,In IDN System,9,4,2,0,Active,17260.41,19382.22,9313.85,12556.79
301,Northeast,New England,NE-103,Banner Health,REP-13905,Coastal Regional Hospital,Alpha Series,Capital Equipment,GAM-150 6INx8IN Energy Device Tip,No,In Neither,2,5,5,4,2025-12-31,18584.65,23084.94,12772.52,1258.8
302,Southwest,Mountain West,MW-902,Piedmont Healthcare,REP-87397,Valley Community Hospital,Gamma Series,Disposables,ALT-100 3INx4IN Absorbable Hemostat,No,In Neither,10,2,0,5,2026-03-31,17555.16,18322.6,12810.21,8002.08
303,West,Pacific Northwest,PN-1002,Sutter Health,REP-13278,Riverside Regional Hospital,Alpha Series,Accessories,DEL-500 Single Use Sealer 5MM,Yes,In Neither,5,2,2,0,Active,18312.74,22819.12,13892.75,16819.74
304,Midwest,Great Lakes,GL-602,Atrium Health,REP-22280,Parkview Medical Center,Alpha Series,Accessories,ALT-200 2INx14IN Wound Matrix,Yes,In Neither,3,3,3,3,2025-06-30,19989.69,22700.28,11165.22,14866.18
305,Midwest,Great Lakes,GL-603,Banner Health,REP-46048,Mercy Community Hospital,Beta Series,Service Contract,BET-310 Fibrin Sealant 2ML Kit,No,In IDN System,8,5,4,1,2026-03-31,20663.54,19300.62,12231.14,13730.61
306,Southwest,Texas,TX-802,SSM Health,REP-65302,Memorial Health System,Alpha Series,Capital Equipment,DEL-510 Vessel Sealer Extend 35CM,No,In IDN System,10,5,2,2,2025-12-31,8379.09,6359.45,6108.53,10387.69
307,Southeast,Gulf Coast,GC-501,Intermountain Health,REP-39256,Memorial Health System,Alpha Series,Capital Equipment,ALT-200 2INx14IN Wound Matrix,Yes,In IDN System,2,4,0,5,2026-03-31,10869.73,12338.78,6393.18,1817
308,West,Pacific Northwest,PN-1001,Advocate Aurora,REP-88907,Horizon Health System,Alpha Series,Capital Equipment,ALT-120 Absorbable Gelatin Sponge,Yes,In IDN System,10,1,0,5,2025-06-30,7973.4,7815.31,6599.29,16330.73
309,Midwest,Central Plains,CP-702,Banner Health,REP-39256,Summit Medical Center,Gamma Series,Capital Equipment,BET-310 Fibrin Sealant 2ML Kit,No,In IDN System,1,2,2,1,2026-03-31,2547.26,3279.99,1452.53,10423.23
310,Southwest,Texas,TX-801,Piedmont Healthcare,REP-28289,University Medical Center,Alpha Series,Service Contract,DEL-500 Single Use Sealer 5MM,Yes,On Account Shelf,2,0,4,5,2025-12-31,23428.5,16663.73,15795.39,16668.77
311,Northeast,New England,NE-103,Northwell Health,REP-98696,Capital Health System,Gamma Series,Service Contract,ALT-120 Absorbable Gelatin Sponge,Yes,In Neither,8,3,3,3,Active,16433.8,11536.27,13705.04,20631.44
312,Southwest,Texas,TX-803,LifePoint Health,REP-21395,Summit Community Hospital,Delta Series,Capital Equipment,ALT-200 2INx14IN Wound Matrix,No,In Neither,6,0,3,2,2025-06-30,5710.24,4131.92,3622.9,5584.08
313,Southwest,Texas,TX-803,LifePoint Health,REP-22280,Capital Regional Hospital,Delta Series,Disposables,BET-300 4INx8IN Hemostatic Patch,Yes,On Account Shelf,1,5,4,1,2026-03-31,11968.64,14070.85,8679.57,12992.42
314,Southwest,Texas,TX-801,Intermountain Health,REP-24592,Coastal Regional Hospital,Alpha Series,Service Contract,ALT-200 2INx14IN Wound Matrix,Yes,In Neither,9,3,5,4,2025-06-30,22361.02,18778.59,11744.27,18651.03
315,Southwest,Texas,TX-802,CommonSpirit Health,REP-23434,Riverside Regional Hospital,Alpha Series,Disposables,ALT-100 3INx4IN Absorbable Hemostat,No,On Account Shelf,8,4,1,4,Active,24625.11,18808.63,16597.33,20180.21
316,Southeast,Carolinas,CA-301,Piedmont Healthcare,REP-21395,Valley Regional Hospital,Gamma Series,Capital Equipment,ALT-120 Absorbable Gelatin Sponge,Yes,In IDN System,4,0,4,1,2025-12-31,2365.05,2044.2,1809.6,5033.22
317,Midwest,Great Lakes,GL-602,Atrium Health,REP-76237,Parkview Regional Hospital,Beta Series,Capital Equipment,ALT-120 Absorbable Gelatin Sponge,No,On Account Shelf,1,3,0,0,Active,5792.68,4364.7,4217.73,22285.96
318,Southwest,Mountain West,MW-901,Advocate Aurora,REP-42098,Memorial General Hospital,Delta Series,Service Contract,GAM-150 6INx8IN Energy Device Tip,Yes,In Neither,1,4,1,5,2026-03-31,18555.47,13968.79,14645.26,8228.79
319,Southwest,Texas,TX-803,Atrium Health,REP-28289,Horizon Health System,Alpha Series,Accessories,DEL-510 Vessel Sealer Extend 35CM,Yes,In IDN System,4,2,0,1,Active,24000.08,26667.6,20136.09,12385.91
320,Southeast,Carolinas,CA-301,CommonSpirit Health,REP-87397,Valley Community Hospital,Beta Series,Service Contract,DEL-500 Single Use Sealer 5MM,No,In Neither,8,0,0,5,Active,27783.41,22380.44,21529.98,12641.47
321,Northeast,New England,NE-101,SSM Health,REP-76237,Memorial Community Hospital,Gamma Series,Service Contract,GAM-150 6INx8IN Energy Device Tip,No,On Account Shelf,2,2,1,0,2025-06-30,22263.56,27204.55,14058.02,6295.91
322,Southwest,Mountain West,MW-901,Piedmont Healthcare,REP-42098,Coastal Health System,Delta Series,Disposables,BET-310 Fibrin Sealant 2ML Kit,No,On Account Shelf,8,5,1,5,2025-12-31,29278.9,24047.54,15943.07,17613.05
323,Northeast,Mid-Atlantic,MA-201,Tenet Healthcare,REP-13905,Riverside Health System,Delta Series,Disposables,ALT-110 Oxidized Regenerated Cellulose Sheet,Yes,In IDN System,10,1,5,4,2025-06-30,17554.58,18110.24,10188.6,10880.71
324,West,California,CA-1101,Sutter Health,REP-13905,Memorial General Hospital,Alpha Series,Service Contract,GAM-150 6INx8IN Energy Device Tip,Yes,In IDN System,7,4,1,4,2025-06-30,27455.76,34016.34,17742.47,2061.38
325,Southwest,Texas,TX-802,Northwell Health,REP-22280,Metro General Hospital,Delta Series,Service Contract,GAM-150 6INx8IN Energy Device Tip,Yes,In Neither,1,5,5,3,2025-06-30,4415,3874.05,3208.27,3177.51
326,Southwest,Mountain West,MW-901,SSM Health,REP-76237,Memorial Community Hospital,Alpha Series,Service Contract,GAM-160 Advanced Bipolar Forceps,Yes,In Neither,7,1,2,5,2026-03-31,21265.11,14902.98,15301.45,10237.1
327,Midwest,Great Lakes,GL-602,Piedmont Healthcare,REP-98696,University Medical Center,Beta Series,Capital Equipment,ALT-120 Absorbable Gelatin Sponge,No,In Neither,1,4,5,2,Active,3773.51,3469.19,2704.46,9773.71
328,Southeast,Gulf Coast,GC-501,Advocate Aurora,REP-42098,Coastal Regional Hospital,Beta Series,Capital Equipment,GAM-160 Advanced Bipolar Forceps,Yes,In Neither,4,2,2,2,2026-03-31,8675.79,6402.92,5386.18,12669.45
329,West,Pacific Northwest,PN-1002,Dignity Health,REP-13905,University Medical Center,Gamma Series,Capital Equipment,GAM-150 6INx8IN Energy Device Tip,No,On Account Shelf,2,3,1,2,Active,3726.27,3225.33,2772.27,12911.89
330,Southeast,Gulf Coast,GC-501,Dignity Health,REP-14165,Heritage Regional Hospital,Beta Series,Service Contract,ALT-110 Oxidized Regenerated Cellulose Sheet,No,In IDN System,1,2,1,0,Active,26217.91,22007.23,21803,16472.13
331,Southwest,Mountain West,MW-902,Sutter Health,REP-76237,Coastal Regional Hospital,Delta Series,Service Contract,DEL-500 Single Use Sealer 5MM,Yes,In IDN System,3,2,1,3,2025-12-31,29136.36,33852.08,15050.73,9474.9
332,Southwest,Texas,TX-803,Trinity Health,REP-40495,Valley Community Hospital,Beta Series,Disposables,BET-300 4INx8IN Hemostatic Patch,Yes,On Account Shelf,2,0,2,4,2025-06-30,13506.21,12450.07,7722.91,17971.23
333,Midwest,Central Plains,CP-701,LifePoint Health,REP-13905,Heritage Regional Hospital,Beta Series,Accessories,ALT-200 2INx14IN Wound Matrix,Yes,In IDN System,8,1,3,2,2025-06-30,626.68,716.36,527.33,8950.74
334,Midwest,Central Plains,CP-702,Providence Health,REP-76237,Mercy Health System,Gamma Series,Capital Equipment,GAM-160 Advanced Bipolar Forceps,Yes,On Account Shelf,9,0,2,0,2026-03-31,18716.9,15576.56,11699.7,8832.8
335,West,Pacific Northwest,PN-1001,Banner Health,REP-28289,Lakeside Community Hospital,Alpha Series,Service Contract,ALT-200 2INx14IN Wound Matrix,No,On Account Shelf,8,2,4,4,Active,27299.19,25023.5,15063.18,21491.3
336,Midwest,Central Plains,CP-702,Ascension Health,REP-81482,Metro Medical Center,Gamma Series,Accessories,GAM-160 Advanced Bipolar Forceps,Yes,On Account Shelf,8,5,3,3,2025-12-31,5331.82,6061.22,4341.19,18486.53
337,Southwest,Texas,TX-803,HCA Healthcare,REP-42098,Coastal Health System,Gamma Series,Service Contract,DEL-510 Vessel Sealer Extend 35CM,No,On Account Shelf,10,3,0,0,2026-03-31,19344.78,16713.84,10856.53,12090.88
338,West,Pacific Northwest,PN-1001,Trinity Health,REP-65302,Valley Community Hospital,Delta Series,Capital Equipment,DEL-500 Single Use Sealer 5MM,No,In IDN System,9,5,3,1,Active,23840.98,18891.94,14425.21,16373.33
339,Southwest,Texas,TX-803,Dignity Health,REP-14165,Parkview Medical Center,Delta Series,Disposables,ALT-100 3INx4IN Absorbable Hemostat,Yes,In IDN System,8,0,4,5,2025-12-31,17641.44,18335.54,14182.33,16071.91
340,Southwest,Texas,TX-802,Ascension Health,REP-98696,Valley Medical Center,Alpha Series,Disposables,ALT-110 Oxidized Regenerated Cellulose Sheet,No,In Neither,3,2,1,0,2025-12-31,11154.32,12066.17,9306.1,2169.16
341,Midwest,Great Lakes,GL-603,Advocate Aurora,REP-39256,Metro General Hospital,Beta Series,Accessories,ALT-110 Oxidized Regenerated Cellulose Sheet,No,In IDN System,6,0,4,4,2025-12-31,24787.79,17543.28,16889.4,9952.34
342,Southwest,Mountain West,MW-902,Trinity Health,REP-46048,Coastal Health System,Beta Series,Disposables,GAM-150 6INx8IN Energy Device Tip,Yes,In IDN System,8,0,0,1,Active,14645.79,12990,9181.43,20608.93
343,West,California,CA-1101,Dignity Health,REP-93810,Horizon Health System,Beta Series,Disposables,BET-300 4INx8IN Hemostatic Patch,Yes,In IDN System,3,1,1,0,2026-03-31,20879.14,24437.32,11007.64,19592.62
344,Southwest,Texas,TX-801,Tenet Healthcare,REP-24592,Metro Medical Center,Alpha Series,Service Contract,ALT-200 2INx14IN Wound Matrix,No,On Account Shelf,2,2,5,0,Active,23579.94,29523.47,13485.14,22628.2
345,Southeast,Gulf Coast,GC-502,Ascension Health,REP-13278,Capital Health System,Gamma Series,Accessories,ALT-110 Oxidized Regenerated Cellulose Sheet,Yes,In Neither,10,1,4,4,Active,3423.62,3584.12,1728.57,6207.95
346,Southeast,Florida,FL-401,Ascension Health,REP-46048,Coastal Health System,Delta Series,Accessories,ALT-120 Absorbable Gelatin Sponge,Yes,In IDN System,2,1,2,3,2026-03-31,6821.08,5706.06,3679.94,24630.71
347,Northeast,Mid-Atlantic,MA-201,Providence Health,REP-22280,St. Mary's Regional Hospital,Gamma Series,Capital Equipment,ALT-200 2INx14IN Wound Matrix,No,In IDN System,2,3,2,3,2025-12-31,20767.87,25018.1,12025.75,10774.77
348,Southwest,Texas,TX-801,Sutter Health,REP-87397,Parkview Medical Center,Alpha Series,Service Contract,ALT-200 2INx14IN Wound Matrix,No,In IDN System,9,5,5,0,Active,4729.34,4447.35,3342.2,3441.33
349,Southeast,Carolinas,CA-302,Advocate Aurora,REP-21395,Horizon Health System,Delta Series,Capital Equipment,GAM-150 6INx8IN Energy Device Tip,No,In Neither,8,2,5,4,2025-12-31,22810.94,26930.38,18936.02,9546.34
350,West,California,CA-1102,Banner Health,REP-42098,Riverside Health System,Alpha Series,Capital Equipment,DEL-500 Single Use Sealer 5MM,No,In IDN System,4,5,1,0,Active,22265.05,26677.7,15014.37,1641.97
351,Southeast,Florida,FL-403,Intermountain Health,REP-42098,Summit Community Hospital,Alpha Series,Capital Equipment,DEL-510 Vessel Sealer Extend 35CM,No,In IDN System,4,2,5,3,2026-03-31,15391.45,15783.36,12056.41,13972.7
352,Northeast,New England,NE-102,Tenet Healthcare,REP-65302,Mercy Health System,Gamma Series,Service Contract,GAM-160 Advanced Bipolar Forceps,No,On Account Shelf,1,1,4,5,2025-12-31,26598.66,21238.67,17308.77,8499.03
353,Southwest,Mountain West,MW-901,Sutter Health,REP-40495,Heritage Regional Hospital,Delta Series,Service Contract,DEL-510 Vessel Sealer Extend 35CM,Yes,In Neither,1,3,2,3,2026-03-31,18699.72,17047.75,15749.35,8691.59
354,Northeast,New England,NE-101,LifePoint Health,REP-87397,Memorial Community Hospital,Alpha Series,Accessories,BET-310 Fibrin Sealant 2ML Kit,Yes,In IDN System,6,2,3,2,Active,20006.58,16976.95,14541.36,15220.76
355,Northeast,Mid-Atlantic,MA-201,Intermountain Health,REP-39256,Lakeside Community Hospital,Gamma Series,Capital Equipment,GAM-160 Advanced Bipolar Forceps,No,In Neither,9,3,2,0,2026-03-31,17845.68,23046.96,11282.18,10367.22
356,West,Pacific Northwest,PN-1002,Tenet Healthcare,REP-28289,Coastal Regional Hospital,Delta Series,Accessories,BET-300 4INx8IN Hemostatic Patch,No,In IDN System,7,1,3,5,Active,25291.22,25834.99,15189.26,2140.75
357,West,California,CA-1101,HCA Healthcare,REP-76237,Metro General Hospital,Gamma Series,Accessories,ALT-200 2INx14IN Wound Matrix,No,In IDN System,4,2,0,5,2025-12-31,15386.87,13539.61,11266.42,8520.47
358,Southwest,Mountain West,MW-902,SSM Health,REP-40495,Parkview Medical Center,Alpha Series,Disposables,ALT-120 Absorbable Gelatin Sponge,No,On Account Shelf,8,2,5,4,2026-03-31,28071.76,31888.65,14624.22,5815.55
359,Southwest,Texas,TX-801,Providence Health,REP-81482,Parkview Health System,Delta Series,Accessories,ALT-200 2INx14IN Wound Matrix,Yes,In IDN System,5,2,5,1,2025-12-31,20762.22,17475.1,12114.12,4599.09
360,Northeast,New England,NE-102,SSM Health,REP-22280,Riverside General Hospital,Delta Series,Service Contract,ALT-100 3INx4IN Absorbable Hemostat,Yes,On Account Shelf,5,1,0,2,2025-12-31,19930.79,16056.07,15912.39,24130.89
361,Southwest,Texas,TX-801,HCA Healthcare,REP-21395,Lakeside Health System,Gamma Series,Capital Equipment,BET-310 Fibrin Sealant 2ML Kit,No,In Neither,2,3,5,1,2025-06-30,3802,4336.9,3142.46,13526.98
362,West,California,CA-1102,HCA Healthcare,REP-23434,Lakeside Health System,Alpha Series,Accessories,ALT-110 Oxidized Regenerated Cellulose Sheet,No,In Neither,4,3,1,1,Active,5667.05,7264.9,3705.21,7103.34
363,West,Pacific Northwest,PN-1002,LifePoint Health,REP-46048,Memorial Health System,Delta Series,Service Contract,GAM-150 6INx8IN Energy Device Tip,No,On Account Shelf,6,3,5,2,2025-12-31,1121.69,1435.86,798.68,21195.35
364,Northeast,New England,NE-102,Northwell Health,REP-81482,St. Mary's Regional Hospital,Alpha Series,Disposables,GAM-160 Advanced Bipolar Forceps,No,On Account Shelf,7,2,2,0,2025-06-30,9273.98,11273.91,5157.07,11532.3
365,Midwest,Central Plains,CP-701,Banner Health,REP-13278,Central Health System,Delta Series,Service Contract,ALT-110 Oxidized Regenerated Cellulose Sheet,No,On Account Shelf,3,5,2,4,Active,10879.76,11546.36,8537.35,18706.85
366,Southwest,Texas,TX-801,Trinity Health,REP-13905,Riverside Regional Hospital,Alpha Series,Service Contract,GAM-150 6INx8IN Energy Device Tip,No,In IDN System,10,0,0,1,2025-06-30,15732.79,20166.27,12440.19,19315.9
367,West,California,CA-1102,SSM Health,REP-22280,Riverside Regional Hospital,Gamma Series,Disposables,ALT-120 Absorbable Gelatin Sponge,No,In IDN System,4,0,3,2,2025-06-30,12108.08,11216.83,9591.27,14689.37
368,Northeast,New England,NE-103,Atrium Health,REP-13278,Riverside Health System,Beta Series,Accessories,BET-300 4INx8IN Hemostatic Patch,Yes,In IDN System,10,3,4,2,2025-06-30,3127.31,2879.48,2600.47,3816.41
369,West,California,CA-1102,Sutter Health,REP-46048,Capital Medical Center,Beta Series,Disposables,DEL-500 Single Use Sealer 5MM,No,In Neither,8,3,1,3,2025-06-30,18202.44,23610.83,10903.96,17252.53
370,Southwest,Texas,TX-802,Providence Health,REP-93810,Valley Community Hospital,Gamma Series,Disposables,ALT-120 Absorbable Gelatin Sponge,No,On Account Shelf,6,4,5,5,2026-03-31,3029.29,2972.73,2438.59,24385.58
371,Southwest,Texas,TX-803,Northwell Health,REP-14165,Lakeside Health System,Gamma Series,Capital Equipment,ALT-200 2INx14IN Wound Matrix,Yes,On Account Shelf,6,1,3,2,Active,658.15,659.94,416.82,24460.57
372,Midwest,Great Lakes,GL-603,CommonSpirit Health,REP-76237,Parkview Medical Center,Gamma Series,Disposables,DEL-510 Vessel Sealer Extend 35CM,No,In IDN System,8,1,0,2,2026-03-31,4682.97,3606.38,2413.87,4068.92
373,Midwest,Central Plains,CP-702,Dignity Health,REP-98696,University Medical Center,Gamma Series,Accessories,BET-310 Fibrin Sealant 2ML Kit,Yes,In IDN System,8,1,4,5,2026-03-31,2070.05,1633.63,1201.56,1860.69
374,Midwest,Great Lakes,GL-603,SSM Health,REP-14165,Horizon Health System,Delta Series,Capital Equipment,GAM-160 Advanced Bipolar Forceps,No,In Neither,9,3,3,3,Active,25452.23,31054.97,13827.66,3245.87
375,Midwest,Great Lakes,GL-601,Banner Health,REP-76237,Memorial Community Hospital,Beta Series,Capital Equipment,DEL-510 Vessel Sealer Extend 35CM,Yes,In IDN System,2,1,3,5,Active,26677.35,19089.71,19700.14,17335.35
376,Southwest,Mountain West,MW-901,Intermountain Health,REP-42098,Lakeside Community Hospital,Alpha Series,Service Contract,GAM-160 Advanced Bipolar Forceps,No,In Neither,5,4,5,0,2025-12-31,29108.23,31835.78,24241.73,8797.97
377,West,Pacific Northwest,PN-1001,CommonSpirit Health,REP-81482,Memorial Health System,Alpha Series,Capital Equipment,DEL-510 Vessel Sealer Extend 35CM,No,On Account Shelf,7,2,1,1,2026-03-31,3131.06,3792.99,1744.09,19707.82
378,Midwest,Great Lakes,GL-601,Dignity Health,REP-22280,Parkview Health System,Gamma Series,Disposables,ALT-110 Oxidized Regenerated Cellulose Sheet,Yes,In IDN System,9,1,3,3,2026-03-31,14554.97,15105.65,9432.71,19155.78
379,Midwest,Great Lakes,GL-602,Piedmont Healthcare,REP-13278,Parkview Regional Hospital,Gamma Series,Service Contract,GAM-150 6INx8IN Energy Device Tip,Yes,In IDN System,9,5,5,4,Active,9075.74,8734.61,7419.62,12462.67
380,Southeast,Carolinas,CA-302,Atrium Health,REP-38657,Parkview Health System,Gamma Series,Capital Equipment,DEL-510 Vessel Sealer Extend 35CM,Yes,On Account Shelf,9,0,4,3,2026-03-31,3287.29,3604.56,2297.71,7081.13
381,Midwest,Great Lakes,GL-603,Ascension Health,REP-46048,Riverside Health System,Beta Series,Disposables,BET-310 Fibrin Sealant 2ML Kit,Yes,On Account Shelf,7,5,2,2,2026-03-31,22841.95,22155.98,17879.35,9192.03
382,Southeast,Carolinas,CA-301,HCA Healthcare,REP-88907,Heritage Medical Center,Alpha Series,Service Contract,DEL-510 Vessel Sealer Extend 35CM,Yes,On Account Shelf,7,0,0,1,2026-03-31,14074.81,13273.32,10277.44,18861.92
383,Southwest,Mountain West,MW-902,Northwell Health,REP-81482,Capital Regional Hospital,Beta Series,Disposables,ALT-100 3INx4IN Absorbable Hemostat,Yes,On Account Shelf,1,5,1,0,2025-06-30,14692.96,11564.72,8589.84,21210.15
384,West,Pacific Northwest,PN-1001,Dignity Health,REP-13905,Capital Health System,Delta Series,Service Contract,ALT-100 3INx4IN Absorbable Hemostat,Yes,On Account Shelf,3,5,5,3,2026-03-31,14408.93,17519.5,10155.83,5832.12
385,West,California,CA-1101,Intermountain Health,REP-93810,Metro General Hospital,Delta Series,Service Contract,GAM-160 Advanced Bipolar Forceps,No,On Account Shelf,8,3,3,4,2026-03-31,7341.22,5406.24,3719.48,14833.68
386,West,Pacific Northwest,PN-1002,Piedmont Healthcare,REP-22280,Horizon Health System,Delta Series,Accessories,GAM-160 Advanced Bipolar Forceps,No,On Account Shelf,3,2,5,1,2026-03-31,10643.5,8932.68,6140.19,22817.68
387,Midwest,Central Plains,CP-701,Dignity Health,REP-65302,University Medical Center,Gamma Series,Service Contract,BET-300 4INx8IN Hemostatic Patch,Yes,In IDN System,2,5,3,1,2025-06-30,6384.78,6789.89,3417.88,10983.62
388,Southwest,Mountain West,MW-901,Advocate Aurora,REP-40495,Mercy Community Hospital,Alpha Series,Accessories,DEL-500 Single Use Sealer 5MM,No,In Neither,3,1,4,0,Active,10463.18,8039.71,6061.76,14487.55
389,Southwest,Mountain West,MW-902,LifePoint Health,REP-24592,Riverside General Hospital,Gamma Series,Disposables,DEL-510 Vessel Sealer Extend 35CM,Yes,In Neither,1,3,3,0,Active,23558.75,25108.76,18857.26,3444.83
390,West,Pacific Northwest,PN-1001,Trinity Health,REP-46048,Coastal Health System,Gamma Series,Disposables,DEL-500 Single Use Sealer 5MM,No,In Neither,8,5,0,1,2025-12-31,10370.92,8116.94,8265.71,11538.6
391,Southwest,Texas,TX-801,Sutter Health,REP-21395,Valley Community Hospital,Beta Series,Capital Equipment,DEL-500 Single Use Sealer 5MM,No,In Neither,7,2,5,5,2025-06-30,4972.53,5728.87,3220.22,6476.37
392,Southwest,Mountain West,MW-902,SSM Health,REP-38657,St. Mary's Regional Hospital,Alpha Series,Service Contract,BET-300 4INx8IN Hemostatic Patch,Yes,In Neither,9,0,0,2,2025-12-31,12348.7,14366.77,8050.43,10438.39
393,Northeast,New England,NE-103,CommonSpirit Health,REP-38657,Valley Community Hospital,Delta Series,Service Contract,DEL-510 Vessel Sealer Extend 35CM,No,In Neither,6,2,0,2,2025-06-30,21158.7,20475.56,12098.48,14066.21
394,West,California,CA-1103,LifePoint Health,REP-65302,Horizon Health System,Gamma Series,Capital Equipment,ALT-100 3INx4IN Absorbable Hemostat,No,In IDN System,3,4,4,2,2025-06-30,3238.18,3338.8,2209.95,19169.11
395,Southeast,Carolinas,CA-301,Banner Health,REP-23434,Summit Community Hospital,Delta Series,Capital Equipment,ALT-100 3INx4IN Absorbable Hemostat,No,In IDN System,9,2,0,0,Active,13737.74,14334.8,6893.94,9135.53
396,Southeast,Gulf Coast,GC-501,LifePoint Health,REP-81482,Valley Community Hospital,Beta Series,Service Contract,DEL-510 Vessel Sealer Extend 35CM,Yes,On Account Shelf,6,4,4,1,2025-12-31,13902.13,10953.93,9022.37,10889.27
397,Northeast,New England,NE-102,Providence Health,REP-22280,Coastal Health System,Delta Series,Capital Equipment,ALT-110 Oxidized Regenerated Cellulose Sheet,No,In Neither,9,4,3,2,2026-03-31,19275.6,25017.94,14286.23,23747.68
398,Southwest,Texas,TX-801,Providence Health,REP-22280,Riverside Health System,Beta Series,Capital Equipment,GAM-150 6INx8IN Energy Device Tip,No,In IDN System,1,5,1,4,2025-12-31,27690.07,21356.23,22105.29,3648.07
399,Midwest,Central Plains,CP-701,Providence Health,REP-46048,St. Mary's Regional Hospital,Gamma Series,Accessories,DEL-500 Single Use Sealer 5MM,No,In IDN System,1,1,1,4,2026-03-31,1935.21,2392.99,1569.78,6173.95
400,Southwest,Texas,TX-801,LifePoint Health,REP-13278,Parkview Regional Hospital,Delta Series,Service Contract,ALT-120 Absorbable Gelatin Sponge,No,In Neither,8,2,3,3,2025-06-30,22977.56,23043.24,15195.7,11798.31
