Row Number,Area,Region,Territory,Rep ID,IDN,Account,Clinical Focus Area,Target Type,Product Line,Category,GPO,Total Units Sold,Opportunity ($),Net Cost To Customer ($),Rolling 12 Sales ($),# Codes on Account Shelf,# Codes in System,# Codes in Neither,2025 Penetration %,2024 Penetration %,2023 Penetration %,3 Month Trend,6 Month Trend,9 Month Trend,CY Market Exposure %,PY Market Exposure %
1,Northeast,New England,NE-103,REP-46048,Atrium Health,Lakeside Regional Hospital,Women's Health,Tier 1,Alpha Series,Service Contract,Vizient,111,120271.43,74544.02,369170.86,17,6,10,0.7559,0.5727,0.592,0.3504,0.8824,0.7829,0.1378,0.2824
2,Midwest,Great Lakes,GL-601,REP-54118,Tenet Healthcare,Valley General Hospital,Cardiovascular,Tier 3,Gamma Series,Accessories,None,138,597298.84,424600.89,584407.14,12,2,8,0.4906,0.7086,0.8755,0.4255,0.2731,0.1626,0.4137,0.4752
3,Northeast,New England,NE-101,REP-59823,Banner Health,Mercy Health System,General Surgery,Tier 3,Gamma Series,Disposables,MedAssets,596,576365.24,435192.82,61413.46,20,5,8,0.7739,0.4062,0.5466,0.9906,0.676,0.6013,0.4265,0.5136
4,Northeast,New England,NE-101,REP-51347,Northwell Health,Summit Medical Center,General Surgery,Tier 3,Beta Series,Service Contract,Intalere,1861,735910.69,506053.07,173630.5,7,8,9,0.5785,0.6793,0.5353,0.9976,0.2245,0.5442,0.4657,0.5236
5,Southeast,Gulf Coast,GC-501,REP-99192,Piedmont Healthcare,Coastal Medical Center,Neurology,Non-Target,Delta Series,Accessories,Provista,1812,756823.15,570709,86440.01,17,8,10,0.5211,0.4908,0.4028,0.1029,0.7499,0.7477,0.5845,0.4691
6,West,Pacific Northwest,PN-1002,REP-93748,Advocate Aurora,Riverside Health System,General Surgery,Tier 1,Gamma Series,Service Contract,Vizient,279,746823.96,607628.34,502366.01,9,7,0,0.4566,0.6688,0.3512,0.7587,0.8344,0.9802,0.343,0.1192
7,Southwest,Texas,TX-802,REP-79163,Piedmont Healthcare,Lakeside Community Hospital,Women's Health,Tier 2,Gamma Series,Service Contract,MedAssets,1380,330065.38,270615.4,281861.96,7,7,1,0.5198,0.6824,0.4496,0.2982,0.1639,0.668,0.1759,0.548
8,Midwest,Great Lakes,GL-603,REP-41195,Banner Health,Central General Hospital,General Surgery,Tier 2,Delta Series,Disposables,None,1018,655622.75,398043.63,76219.87,13,11,6,0.5672,0.8615,0.3352,0.6881,0.6816,0.1546,0.4505,0.4903
9,Northeast,New England,NE-101,REP-34931,SSM Health,Riverside General Hospital,General Surgery,Tier 3,Delta Series,Disposables,None,1940,106538.67,84421.95,516460.8,3,1,10,0.9495,0.8434,0.9298,0.9337,0.8638,0.2497,0.3171,0.1676
10,Southwest,Texas,TX-801,REP-59672,Ascension Health,Parkview Health System,Neurology,Tier 3,Delta Series,Service Contract,Premier,438,272530.87,229092.94,355924.57,17,1,5,0.3372,0.6797,0.6269,0.8674,0.2417,0.9647,0.0941,0.1522
11,West,Pacific Northwest,PN-1001,REP-62923,Tenet Healthcare,Memorial Community Hospital,General Surgery,Tier 1,Alpha Series,Service Contract,MedAssets,1245,473920.19,305636.32,171244.1,10,7,4,0.5573,0.7366,0.495,0.3846,0.7767,0.1653,0.3021,0.5991
12,Northeast,New England,NE-103,REP-37938,Banner Health,Riverside Health System,Cardiovascular,Tier 2,Gamma Series,Accessories,Premier,947,675308.72,513951.79,374773.1,20,0,10,0.8311,0.4946,0.7312,0.945,0.2209,0.2039,0.1089,0.3543
13,Midwest,Central Plains,CP-701,REP-54942,Advocate Aurora,Central Health System,Oncology,Non-Target,Gamma Series,Capital Equipment,Vizient,1349,367681.83,232744.09,22056.5,4,8,2,0.7818,0.6586,0.578,0.1087,0.1677,0.8948,0.5472,0.3501
14,Midwest,Great Lakes,GL-602,REP-26704,CommonSpirit Health,Summit Health System,Cardiovascular,Tier 3,Beta Series,Disposables,MedAssets,260,315258.98,226344.93,527333.38,19,4,3,0.862,0.9345,0.827,0.8933,0.1223,0.7629,0.2327,0.5619
15,Southeast,Florida,FL-401,REP-24168,Northwell Health,University Medical Center,Neurology,Tier 2,Beta Series,Service Contract,HealthTrust,675,665402.29,539905.36,149295.66,6,12,5,0.4811,0.3451,0.8027,0.416,0.5585,0.7116,0.514,0.2321
16,Northeast,New England,NE-102,REP-33405,Banner Health,St. Mary's Medical Center,Oncology,Non-Target,Gamma Series,Accessories,Intalere,1291,788176.89,460842.09,541712.75,6,8,0,0.7607,0.3011,0.9016,0.5846,0.7475,0.7678,0.4188,0.2503
17,Northeast,Mid-Atlantic,MA-203,REP-51145,Tenet Healthcare,Metro Health System,Oncology,Tier 3,Delta Series,Accessories,Intalere,1477,271741.4,159834.58,263858.87,12,5,9,0.6699,0.5639,0.8419,0.3735,0.2892,0.8072,0.3837,0.2272
18,Southwest,Mountain West,MW-901,REP-77000,Sutter Health,Capital Regional Hospital,Women's Health,Tier 1,Gamma Series,Accessories,Vizient,1726,763999.75,474031.73,200043.29,6,4,0,0.33,0.9396,0.6973,0.7916,0.5099,0.8975,0.3666,0.4451
19,Southwest,Mountain West,MW-902,REP-41979,Providence Health,Central Medical Center,Cardiovascular,Non-Target,Beta Series,Disposables,None,1475,438468.31,247763.32,164535,3,14,2,0.8209,0.7339,0.9421,0.6359,0.955,0.9023,0.387,0.4456
20,West,California,CA-1103,REP-68446,Trinity Health,Metro General Hospital,Neurology,Tier 3,Beta Series,Accessories,None,1642,440974.86,325450.26,179266.52,2,9,3,0.4766,0.5078,0.6511,0.2245,0.3081,0.7246,0.4385,0.0853
21,Southwest,Mountain West,MW-902,REP-64496,CommonSpirit Health,Lakeside General Hospital,Neurology,Tier 1,Delta Series,Service Contract,Vizient,1980,313819.1,243536.97,514999.81,13,7,7,0.4426,0.5833,0.3189,0.4025,0.7112,0.4639,0.1408,0.3071
22,Southeast,Gulf Coast,GC-501,REP-61645,Ascension Health,Valley General Hospital,General Surgery,Non-Target,Beta Series,Capital Equipment,HealthTrust,826,295514.5,202844.05,215750.32,12,8,6,0.464,0.3532,0.3126,0.5855,0.9999,0.415,0.4076,0.4797
23,Northeast,New England,NE-101,REP-36130,Ascension Health,Coastal Regional Hospital,General Surgery,Tier 2,Delta Series,Capital Equipment,Provista,1991,213473.41,162205.53,464800.9,5,3,2,0.9271,0.3703,0.3167,0.3808,0.7096,0.9624,0.2682,0.4433
24,Northeast,New England,NE-101,REP-49529,Tenet Healthcare,Capital Community Hospital,Cardiovascular,Tier 3,Delta Series,Accessories,Vizient,1086,535657.44,296644.76,263634.07,15,3,6,0.9245,0.7131,0.8387,0.7366,0.4919,0.7604,0.581,0.1985
25,West,California,CA-1102,REP-67091,Banner Health,Horizon Regional Hospital,Cardiovascular,Tier 3,Delta Series,Disposables,None,1001,477387.23,358258.37,215110.04,15,10,2,0.6169,0.5306,0.4679,0.3517,0.6365,0.8921,0.3557,0.3341
26,Southeast,Carolinas,CA-301,REP-63271,Sutter Health,Heritage Regional Hospital,Women's Health,Non-Target,Delta Series,Service Contract,None,85,119790.01,73848.02,421236.55,9,11,7,0.6598,0.5234,0.9478,0.5953,0.4166,0.5084,0.2186,0.1768
27,Southeast,Florida,FL-401,REP-80236,Trinity Health,Lakeside Regional Hospital,Women's Health,Non-Target,Gamma Series,Accessories,Vizient,1755,195588.18,120921.4,124076.1,0,4,4,0.3296,0.3354,0.4899,0.9497,0.6741,0.7775,0.1064,0.0567
28,Midwest,Central Plains,CP-702,REP-67733,Intermountain Health,Riverside Medical Center,Orthopedics,Non-Target,Alpha Series,Capital Equipment,Intalere,1057,105561.63,77992.49,51093.26,4,9,1,0.946,0.377,0.7969,0.6457,0.8117,0.3031,0.3374,0.2978
29,Southwest,Mountain West,MW-902,REP-50026,CommonSpirit Health,Coastal Medical Center,General Surgery,Tier 2,Gamma Series,Capital Equipment,Premier,541,180360.16,103259.7,21551.92,14,15,4,0.3212,0.4873,0.4838,0.8736,0.1641,0.3101,0.1955,0.4852
30,West,Pacific Northwest,PN-1002,REP-25043,Atrium Health,Central Regional Hospital,Orthopedics,Tier 2,Alpha Series,Capital Equipment,Premier,1673,280708.86,217461.59,350140.09,9,14,1,0.6047,0.4977,0.5616,0.345,0.586,0.494,0.3789,0.5392
31,Midwest,Central Plains,CP-701,REP-21970,Atrium Health,Central Community Hospital,Oncology,Tier 1,Gamma Series,Capital Equipment,None,1598,181393.05,128007.11,276493.05,8,5,9,0.5833,0.8293,0.9299,0.523,0.4675,0.389,0.1075,0.1385
32,Southwest,Mountain West,MW-902,REP-96846,Northwell Health,University Community Hospital,Cardiovascular,Non-Target,Alpha Series,Accessories,HealthTrust,712,136941.2,107055.75,521648.14,0,14,6,0.3352,0.637,0.7047,0.5486,0.4978,0.1465,0.1969,0.1221
33,Midwest,Central Plains,CP-702,REP-25915,Ascension Health,Central Community Hospital,General Surgery,Tier 2,Gamma Series,Capital Equipment,Provista,885,119906.9,101642.34,549499.33,14,3,10,0.8409,0.6239,0.7658,0.558,0.3461,0.8513,0.5891,0.1841
34,West,Pacific Northwest,PN-1002,REP-34983,Providence Health,University Medical Center,Orthopedics,Non-Target,Gamma Series,Accessories,None,55,262129.24,167649.15,360423.88,15,4,7,0.6501,0.5243,0.6587,0.5891,0.5098,0.3896,0.1538,0.4336
35,West,California,CA-1101,REP-63841,CommonSpirit Health,Horizon General Hospital,Women's Health,Non-Target,Delta Series,Disposables,Intalere,125,144684.7,121478.15,212556.93,3,14,1,0.6419,0.597,0.7696,0.469,0.6893,0.2389,0.3082,0.5831
36,Midwest,Central Plains,CP-701,REP-53065,Northwell Health,Horizon General Hospital,Oncology,Tier 1,Alpha Series,Disposables,MedAssets,1451,740696.82,629020.31,453124.49,13,3,10,0.7575,0.3653,0.4081,0.3695,0.1261,0.3919,0.0809,0.2472
37,Southwest,Texas,TX-801,REP-79621,Piedmont Healthcare,Coastal Regional Hospital,General Surgery,Tier 2,Alpha Series,Service Contract,Provista,1449,230622.34,189997.92,103008.28,14,8,7,0.466,0.3061,0.823,0.9111,0.7098,0.2422,0.293,0.2401
38,West,California,CA-1103,REP-65615,Banner Health,Mercy Health System,General Surgery,Non-Target,Delta Series,Capital Equipment,Premier,831,478942.02,346008.59,595761.39,9,0,10,0.5573,0.3053,0.8623,0.8005,0.9762,0.9196,0.4598,0.5081
39,Midwest,Great Lakes,GL-603,REP-56179,Atrium Health,Central Regional Hospital,Oncology,Tier 3,Beta Series,Capital Equipment,MedAssets,1373,79566.93,62586.01,39351.43,11,4,1,0.8913,0.5124,0.5701,0.2807,0.8079,0.8888,0.2512,0.326
40,Midwest,Great Lakes,GL-602,REP-73156,Dignity Health,Metro Health System,Cardiovascular,Non-Target,Alpha Series,Disposables,None,512,695105.45,533330.09,588366.5,17,11,1,0.8139,0.309,0.6488,0.5093,0.7055,0.7051,0.3715,0.5023
41,Midwest,Great Lakes,GL-603,REP-40647,Sutter Health,St. Mary's Community Hospital,Oncology,Tier 3,Beta Series,Capital Equipment,MedAssets,1737,398200.65,302761.17,396558.88,3,4,0,0.9151,0.4978,0.6202,0.1875,0.8985,0.2221,0.2995,0.4188
42,West,California,CA-1103,REP-30253,Piedmont Healthcare,Central Medical Center,Neurology,Non-Target,Gamma Series,Capital Equipment,MedAssets,808,212952.26,145533.44,156945.33,11,3,10,0.5388,0.8861,0.7191,0.1545,0.3483,0.9714,0.572,0.5033
43,Northeast,New England,NE-103,REP-93819,Ascension Health,St. Mary's Health System,General Surgery,Tier 2,Beta Series,Capital Equipment,None,1617,465655.84,338026.52,491570.73,7,10,2,0.8126,0.6874,0.4802,0.9856,0.9888,0.5862,0.4892,0.1105
44,Northeast,New England,NE-101,REP-56955,Atrium Health,Coastal Health System,Cardiovascular,Tier 2,Gamma Series,Capital Equipment,Premier,1569,365720.42,213615.39,56863.66,14,11,8,0.6859,0.5938,0.444,0.6536,0.7545,0.9179,0.4124,0.2159
45,Northeast,New England,NE-102,REP-62640,Piedmont Healthcare,Central Medical Center,Neurology,Non-Target,Alpha Series,Capital Equipment,HealthTrust,1295,161250.37,94792.24,382104.15,18,10,6,0.9465,0.6449,0.5949,0.6449,0.1893,0.7316,0.519,0.408
46,West,Pacific Northwest,PN-1002,REP-69186,Atrium Health,Parkview Health System,Neurology,Non-Target,Delta Series,Capital Equipment,HealthTrust,924,284392.68,178162.61,573083.66,15,2,1,0.8407,0.3606,0.3628,0.7649,0.8306,0.6007,0.3726,0.3589
47,Midwest,Great Lakes,GL-602,REP-56346,Piedmont Healthcare,University Medical Center,Orthopedics,Tier 3,Gamma Series,Capital Equipment,Provista,1089,209554.1,156541.29,150062.02,3,11,8,0.5389,0.7957,0.6732,0.8265,0.8606,0.9771,0.5001,0.3875
48,West,Pacific Northwest,PN-1002,REP-13794,Trinity Health,Summit Health System,Orthopedics,Tier 3,Alpha Series,Disposables,None,343,474740.82,318188.06,102287.3,20,0,1,0.785,0.4398,0.5729,0.4068,0.433,0.7494,0.4773,0.3622
49,Northeast,New England,NE-101,REP-30632,CommonSpirit Health,Central Medical Center,Orthopedics,Non-Target,Delta Series,Service Contract,Provista,955,360637.8,221673.49,317160.86,11,13,1,0.4841,0.741,0.6163,0.7004,0.1409,0.4557,0.3796,0.0542
50,Midwest,Great Lakes,GL-601,REP-43491,Dignity Health,Horizon Medical Center,Cardiovascular,Non-Target,Delta Series,Disposables,Premier,828,449436.76,278216.28,344059.67,11,2,6,0.8601,0.3275,0.3122,0.929,0.8759,0.6182,0.3654,0.4402
51,Southwest,Mountain West,MW-901,REP-63088,Ascension Health,Horizon Regional Hospital,Oncology,Non-Target,Gamma Series,Capital Equipment,Intalere,1779,129397.35,88081.16,252260.89,2,12,4,0.7848,0.444,0.8064,0.1687,0.6699,0.5775,0.1566,0.4769
52,Midwest,Great Lakes,GL-601,REP-23474,Providence Health,Summit Regional Hospital,General Surgery,Tier 2,Alpha Series,Disposables,None,1336,420587.77,326516.48,460728.75,14,10,10,0.5055,0.5858,0.6048,0.6682,0.8167,0.6323,0.2436,0.0908
53,Southwest,Mountain West,MW-901,REP-17456,LifePoint Health,University Health System,Cardiovascular,Tier 1,Delta Series,Service Contract,Provista,1185,765673.61,590852.19,43793.17,18,6,5,0.6933,0.6259,0.9225,0.5055,0.8299,0.8536,0.5903,0.0964
54,Southeast,Carolinas,CA-301,REP-67377,SSM Health,Heritage Community Hospital,Oncology,Tier 2,Gamma Series,Accessories,HealthTrust,843,356577.05,232313.57,366773.8,20,10,1,0.5143,0.6627,0.5513,0.3268,0.8664,0.968,0.3815,0.1327
55,Northeast,New England,NE-102,REP-50662,Northwell Health,Riverside Community Hospital,Women's Health,Tier 1,Gamma Series,Service Contract,MedAssets,1671,296357.42,174358.37,427641.91,16,2,10,0.7358,0.6305,0.3118,0.378,0.9561,0.4076,0.4714,0.1556
56,Southeast,Carolinas,CA-301,REP-48770,Tenet Healthcare,Heritage Community Hospital,Women's Health,Tier 1,Gamma Series,Disposables,Provista,821,165689.57,100118.55,421850.47,19,5,7,0.3284,0.5368,0.7677,0.9726,0.6495,0.7772,0.4811,0.1787
57,Southeast,Florida,FL-402,REP-35430,LifePoint Health,Central Community Hospital,Neurology,Non-Target,Gamma Series,Service Contract,Provista,1130,363995.62,217894.13,135824.68,19,4,4,0.3339,0.6124,0.5413,0.9409,0.7403,0.5643,0.1186,0.0961
58,Southeast,Florida,FL-402,REP-77286,Providence Health,University General Hospital,Cardiovascular,Tier 2,Delta Series,Accessories,Vizient,899,89942.67,63014.03,156751.28,2,11,3,0.3183,0.905,0.8455,0.685,0.8122,0.2238,0.2078,0.5064
59,Southeast,Gulf Coast,GC-502,REP-68799,Ascension Health,Memorial Medical Center,Cardiovascular,Tier 3,Beta Series,Disposables,Provista,1975,595426.09,421759.03,84488.38,9,7,4,0.3792,0.455,0.7153,0.6605,0.1565,0.853,0.3249,0.3448
60,West,Pacific Northwest,PN-1001,REP-48177,Piedmont Healthcare,St. Mary's Community Hospital,Orthopedics,Tier 2,Delta Series,Disposables,MedAssets,1418,114210.47,96210.48,59254.01,16,0,6,0.8677,0.3283,0.5515,0.436,0.7726,0.4214,0.0872,0.1826
61,Northeast,Mid-Atlantic,MA-201,REP-15811,LifePoint Health,Heritage Health System,Women's Health,Tier 2,Delta Series,Service Contract,MedAssets,423,658623.26,374710.64,470190.43,14,1,4,0.431,0.8142,0.8758,0.384,0.3791,0.4584,0.4985,0.3104
62,Northeast,New England,NE-102,REP-56789,CommonSpirit Health,University Health System,Orthopedics,Tier 1,Gamma Series,Service Contract,Intalere,1572,379802.48,317873.26,216641.24,5,15,7,0.5388,0.8182,0.4734,0.1744,0.482,0.4875,0.5973,0.1493
63,Midwest,Central Plains,CP-701,REP-20494,Intermountain Health,Central Health System,Orthopedics,Non-Target,Delta Series,Disposables,MedAssets,959,313660.24,176498.67,524621.56,11,13,4,0.7157,0.8145,0.3373,0.7041,0.4656,0.5618,0.4624,0.138
64,Northeast,New England,NE-103,REP-98878,SSM Health,St. Mary's Regional Hospital,Cardiovascular,Tier 2,Gamma Series,Accessories,Intalere,1994,475433.48,347793.12,413855.99,11,11,7,0.796,0.673,0.6441,0.4582,0.6846,0.3247,0.1124,0.4546
65,Southwest,Mountain West,MW-901,REP-44311,Banner Health,Metro General Hospital,General Surgery,Tier 3,Delta Series,Disposables,Vizient,327,689619.72,472812.11,541233.84,14,2,10,0.9289,0.9413,0.7341,0.7386,0.595,0.3613,0.215,0.1366
66,Southeast,Florida,FL-403,REP-39391,Tenet Healthcare,Lakeside Regional Hospital,General Surgery,Non-Target,Alpha Series,Accessories,Provista,1222,326683.37,258438.73,339955.22,19,2,1,0.501,0.9497,0.7673,0.5731,0.7922,0.841,0.0906,0.5848
67,Northeast,Mid-Atlantic,MA-202,REP-99143,LifePoint Health,Riverside Community Hospital,Women's Health,Tier 2,Beta Series,Service Contract,Provista,1915,701158.72,560518.37,320499.24,9,5,2,0.5097,0.7611,0.5249,0.9468,0.9054,0.8613,0.1878,0.3993
68,West,California,CA-1101,REP-91922,Dignity Health,Coastal Community Hospital,Cardiovascular,Tier 2,Beta Series,Disposables,MedAssets,1328,590474.58,431956.76,508667.4,18,1,0,0.3528,0.9166,0.8012,0.3382,0.2897,0.6149,0.39,0.0667
69,West,California,CA-1103,REP-49596,Sutter Health,Lakeside General Hospital,Orthopedics,Non-Target,Alpha Series,Capital Equipment,Premier,950,361716.31,249342.86,217311.69,4,10,5,0.7772,0.8595,0.934,0.2177,0.4335,0.6055,0.2255,0.3066
70,Midwest,Central Plains,CP-701,REP-28465,Tenet Healthcare,St. Mary's Health System,Neurology,Non-Target,Beta Series,Disposables,None,720,750313.65,574994.26,130103.78,5,15,8,0.6034,0.8714,0.6233,0.181,0.4539,0.5115,0.1824,0.3708
71,Northeast,New England,NE-102,REP-74866,Sutter Health,Summit Community Hospital,Cardiovascular,Tier 1,Delta Series,Disposables,HealthTrust,1539,324333.23,217619.89,46240.59,1,6,5,0.6596,0.3478,0.6278,0.788,0.3517,0.9902,0.4242,0.1153
72,Northeast,Mid-Atlantic,MA-202,REP-54444,LifePoint Health,Capital Regional Hospital,General Surgery,Non-Target,Alpha Series,Capital Equipment,Vizient,330,585193.88,462999.4,321212.97,4,4,5,0.9054,0.507,0.5554,0.6549,0.8583,0.6344,0.329,0.3303
73,Southwest,Mountain West,MW-902,REP-12180,LifePoint Health,Horizon Medical Center,Neurology,Tier 3,Alpha Series,Service Contract,HealthTrust,1392,637177.99,498813.9,355027.95,1,15,2,0.6408,0.7688,0.8035,0.4422,0.8395,0.318,0.3649,0.4353
74,Southeast,Carolinas,CA-302,REP-51116,Piedmont Healthcare,Riverside General Hospital,Women's Health,Tier 2,Delta Series,Service Contract,None,1787,601877.95,342278.59,100087.84,6,10,10,0.6109,0.5449,0.9218,0.5137,0.5798,0.5916,0.4217,0.5272
75,Midwest,Central Plains,CP-701,REP-42311,Banner Health,Heritage Health System,General Surgery,Tier 3,Gamma Series,Disposables,MedAssets,1493,416752.31,289201.53,345082.8,8,9,1,0.6728,0.6531,0.8822,0.4551,0.4106,0.7958,0.1306,0.0731
76,Northeast,Mid-Atlantic,MA-202,REP-95979,Banner Health,Metro General Hospital,General Surgery,Tier 2,Gamma Series,Accessories,Premier,273,511757.78,371561.3,160625.66,16,7,10,0.4513,0.3651,0.5147,0.5252,0.7131,0.2237,0.5805,0.5879
77,Southeast,Florida,FL-403,REP-72350,Sutter Health,Central Regional Hospital,Orthopedics,Tier 3,Gamma Series,Capital Equipment,None,233,539224.05,334138.84,448438.18,1,5,6,0.8735,0.4143,0.8978,0.9975,0.4573,0.5458,0.5651,0.5792
78,Midwest,Great Lakes,GL-601,REP-49110,Tenet Healthcare,Memorial Health System,Orthopedics,Non-Target,Delta Series,Disposables,None,1082,401015.58,243754.68,85335.12,5,14,10,0.4672,0.421,0.7788,0.8117,0.611,0.7816,0.1465,0.5209
79,Southwest,Mountain West,MW-902,REP-21368,Northwell Health,Central Medical Center,General Surgery,Tier 2,Delta Series,Accessories,Premier,63,245588.96,152426.35,457178.86,10,9,9,0.7699,0.3074,0.7249,0.7235,0.1559,0.2064,0.2187,0.273
80,West,California,CA-1103,REP-25389,Dignity Health,Horizon Community Hospital,General Surgery,Tier 2,Beta Series,Service Contract,Premier,981,610801.13,446936.43,261190.46,17,15,8,0.8213,0.8366,0.7952,0.7123,0.6362,0.8086,0.339,0.3405
81,Midwest,Great Lakes,GL-603,REP-24707,CommonSpirit Health,University Community Hospital,Oncology,Tier 2,Beta Series,Disposables,HealthTrust,1799,440256.16,257493.5,139132.86,18,15,1,0.8843,0.5896,0.3362,0.2187,0.4739,0.6075,0.3573,0.42
82,Midwest,Great Lakes,GL-602,REP-43352,Ascension Health,Metro Regional Hospital,Oncology,Tier 1,Alpha Series,Service Contract,HealthTrust,1484,97819.93,82974.49,562058.02,2,15,0,0.4866,0.417,0.388,0.6774,0.7564,0.9674,0.256,0.5402
83,Southwest,Mountain West,MW-902,REP-20518,Providence Health,Central Health System,Cardiovascular,Tier 2,Delta Series,Disposables,MedAssets,506,676116.21,525243.46,587524.6,14,13,8,0.5465,0.4493,0.5994,0.2396,0.2696,0.8877,0.471,0.0677
84,Southwest,Texas,TX-801,REP-37011,HCA Healthcare,Valley Community Hospital,Cardiovascular,Non-Target,Alpha Series,Disposables,MedAssets,140,351699.01,218159.52,146016.14,1,4,8,0.9458,0.4522,0.8957,0.6185,0.6197,0.7953,0.5001,0.1803
85,Southeast,Gulf Coast,GC-501,REP-64206,Dignity Health,Summit Medical Center,Oncology,Tier 2,Delta Series,Service Contract,Vizient,755,756189.81,568203.11,475766.67,10,13,6,0.397,0.5447,0.7904,0.5262,0.8644,0.3707,0.4392,0.4932
86,Northeast,Mid-Atlantic,MA-202,REP-83044,Providence Health,Parkview Regional Hospital,Orthopedics,Tier 2,Gamma Series,Capital Equipment,Intalere,1784,328308.12,233325.51,501055.65,1,8,6,0.7379,0.6919,0.8679,0.2693,0.7855,0.7519,0.3574,0.3137
87,Midwest,Central Plains,CP-701,REP-37762,Advocate Aurora,Metro Medical Center,Women's Health,Non-Target,Beta Series,Disposables,Intalere,1924,229498.22,148367.04,184174.33,14,11,4,0.47,0.6333,0.6232,0.1887,0.9832,0.5225,0.5119,0.5529
88,Midwest,Central Plains,CP-702,REP-15992,Atrium Health,Metro Regional Hospital,Cardiovascular,Tier 3,Delta Series,Accessories,Premier,451,297398.96,197458.61,503350.37,15,10,4,0.7962,0.6176,0.7703,0.7656,0.5147,0.7595,0.2437,0.127
89,West,California,CA-1101,REP-81058,CommonSpirit Health,Heritage Medical Center,Cardiovascular,Tier 1,Alpha Series,Service Contract,Premier,1775,523026.24,298329.14,107597.19,6,14,5,0.3393,0.7145,0.907,0.9215,0.6934,0.1142,0.3427,0.2762
90,Northeast,Mid-Atlantic,MA-203,REP-47576,Ascension Health,Heritage General Hospital,General Surgery,Tier 1,Alpha Series,Disposables,Premier,443,514835.63,322145.76,225575.84,12,2,5,0.9235,0.5983,0.4581,0.7275,0.37,0.8453,0.0943,0.5954
91,Northeast,New England,NE-102,REP-59710,Northwell Health,Heritage General Hospital,Cardiovascular,Tier 1,Beta Series,Capital Equipment,Intalere,1781,375432.24,294831.78,348196.84,3,1,3,0.4374,0.8643,0.8769,0.528,0.1419,0.1669,0.5591,0.5446
92,West,Pacific Northwest,PN-1001,REP-51220,Ascension Health,Lakeside Community Hospital,General Surgery,Non-Target,Alpha Series,Accessories,Premier,1204,230354.15,184374.35,245710.83,17,10,6,0.7911,0.391,0.9425,0.7517,0.5507,0.9769,0.0795,0.2904
93,Northeast,Mid-Atlantic,MA-203,REP-90460,Northwell Health,Capital Health System,Cardiovascular,Tier 3,Delta Series,Service Contract,Premier,778,464778.29,307975.15,127727.95,18,12,1,0.8019,0.492,0.4602,0.1662,0.3412,0.442,0.4811,0.1349
94,Southwest,Mountain West,MW-902,REP-23965,HCA Healthcare,St. Mary's Health System,Neurology,Tier 3,Gamma Series,Capital Equipment,Premier,228,190543.84,130456.43,341749.2,13,3,0,0.3583,0.6602,0.688,0.806,0.8773,0.1111,0.2776,0.4785
95,West,Pacific Northwest,PN-1001,REP-99825,Northwell Health,Riverside Regional Hospital,Orthopedics,Tier 3,Gamma Series,Service Contract,Premier,179,175405.55,110994.63,193856.31,2,11,4,0.9137,0.7686,0.6223,0.655,0.5121,0.2219,0.0537,0.2676
96,West,California,CA-1102,REP-67700,Intermountain Health,Parkview Community Hospital,General Surgery,Tier 3,Gamma Series,Disposables,Intalere,693,183227.95,122665.96,205099.85,20,15,9,0.8083,0.5118,0.4822,0.8073,0.4285,0.9389,0.1599,0.5985
97,Southeast,Gulf Coast,GC-501,REP-70505,Advocate Aurora,Mercy Health System,Women's Health,Tier 1,Delta Series,Service Contract,Premier,1347,277124.48,173425.75,109403.08,13,12,1,0.5919,0.6887,0.6785,0.5809,0.9311,0.8827,0.2801,0.0702
98,Midwest,Great Lakes,GL-601,REP-42536,LifePoint Health,Riverside Community Hospital,Cardiovascular,Non-Target,Gamma Series,Service Contract,Vizient,71,123954.92,76430.64,453174.76,17,7,7,0.5432,0.601,0.7417,0.7214,0.2357,0.9979,0.3155,0.2125
99,Northeast,New England,NE-103,REP-28569,LifePoint Health,Summit Health System,Neurology,Tier 2,Delta Series,Accessories,Intalere,249,378624.45,287386.93,204967.5,9,1,1,0.3147,0.523,0.3711,0.82,0.9369,0.7664,0.3338,0.3536
100,Midwest,Central Plains,CP-702,REP-40389,Northwell Health,Central Regional Hospital,General Surgery,Non-Target,Delta Series,Capital Equipment,MedAssets,1307,712323.03,487850.46,269140.65,0,6,3,0.4809,0.7574,0.8174,0.6196,0.8196,0.5832,0.2512,0.1584
101,Northeast,Mid-Atlantic,MA-203,REP-74157,Intermountain Health,Coastal General Hospital,Oncology,Non-Target,Alpha Series,Accessories,HealthTrust,1781,393395.44,236728.95,410681.54,9,2,10,0.3871,0.3766,0.4985,0.2647,0.7241,0.5597,0.28,0.1258
102,Southwest,Mountain West,MW-901,REP-73788,Trinity Health,Heritage Regional Hospital,Neurology,Tier 3,Beta Series,Disposables,HealthTrust,1774,388250.73,219782.29,228242.72,0,15,2,0.4268,0.5496,0.665,0.6878,0.4682,0.5426,0.4406,0.2941
103,Southeast,Carolinas,CA-301,REP-38905,Dignity Health,St. Mary's Health System,General Surgery,Tier 3,Beta Series,Service Contract,Provista,1570,629410.73,439702.56,316267.47,18,3,4,0.8038,0.8351,0.5385,0.8403,0.1374,0.7471,0.3505,0.5944
104,Northeast,New England,NE-102,REP-14224,SSM Health,Summit Health System,Cardiovascular,Non-Target,Alpha Series,Disposables,Premier,1710,603209.74,456472.98,519408.24,19,13,2,0.7005,0.8102,0.8288,0.8249,0.6131,0.5791,0.3783,0.1426
105,Midwest,Central Plains,CP-702,REP-77425,Tenet Healthcare,Riverside General Hospital,Cardiovascular,Tier 3,Beta Series,Disposables,Premier,349,583546.14,465987.58,461654.68,12,15,2,0.6753,0.4747,0.5692,0.5068,0.6703,0.8921,0.1012,0.3336
106,Midwest,Central Plains,CP-702,REP-73968,Intermountain Health,Coastal Medical Center,Women's Health,Tier 1,Delta Series,Accessories,None,179,646758.44,432884.97,581514.58,6,15,4,0.5099,0.4843,0.6558,0.2175,0.8672,0.8095,0.5418,0.4692
107,Northeast,New England,NE-103,REP-70238,Ascension Health,Valley Regional Hospital,Neurology,Non-Target,Alpha Series,Service Contract,Premier,1460,732055.41,596364.79,195081.99,8,2,10,0.5343,0.3536,0.7319,0.684,0.1466,0.663,0.4493,0.4654
108,Southwest,Texas,TX-803,REP-22475,Ascension Health,Lakeside General Hospital,Cardiovascular,Tier 2,Beta Series,Service Contract,Vizient,66,571697.83,454575.64,593129.85,13,4,7,0.346,0.549,0.775,0.1922,0.382,0.8929,0.1254,0.4754
109,Southeast,Gulf Coast,GC-501,REP-18966,Ascension Health,Coastal Regional Hospital,Neurology,Tier 3,Beta Series,Disposables,Intalere,1311,564924.63,456452.75,70279.06,3,4,1,0.6832,0.5496,0.9261,0.3831,0.2258,0.3493,0.0963,0.3544
110,West,California,CA-1103,REP-13515,Dignity Health,Lakeside Community Hospital,Oncology,Tier 2,Delta Series,Accessories,MedAssets,161,637851.2,502711.84,158817.82,12,3,3,0.6247,0.6861,0.6434,0.9799,0.9882,0.9405,0.1226,0.5234
111,West,California,CA-1102,REP-81612,Trinity Health,Capital General Hospital,Cardiovascular,Tier 1,Alpha Series,Capital Equipment,HealthTrust,491,79870.15,45377.48,477788.2,16,9,10,0.7632,0.7986,0.5753,0.462,0.6765,0.5839,0.134,0.096
112,Northeast,New England,NE-101,REP-80305,Intermountain Health,Parkview Community Hospital,Women's Health,Tier 1,Gamma Series,Service Contract,MedAssets,1783,228978.04,142732.07,556284.1,3,14,9,0.6957,0.501,0.7821,0.7666,0.2075,0.7371,0.4358,0.1401
113,Midwest,Central Plains,CP-701,REP-58741,Providence Health,Metro Health System,Women's Health,Tier 1,Alpha Series,Accessories,None,929,253985.45,144558.76,433147.48,18,2,7,0.5959,0.5341,0.6247,0.6102,0.4309,0.3296,0.1066,0.3657
114,Northeast,New England,NE-103,REP-76692,Ascension Health,St. Mary's Medical Center,General Surgery,Tier 1,Delta Series,Accessories,Intalere,1934,162563.5,134821.72,517341.41,17,13,3,0.5092,0.5706,0.7682,0.3441,0.1701,0.4355,0.3261,0.5461
115,Southeast,Carolinas,CA-301,REP-62550,HCA Healthcare,Memorial General Hospital,Orthopedics,Tier 3,Gamma Series,Capital Equipment,Provista,985,55976.88,34157.17,347007.91,9,7,7,0.5394,0.9317,0.9486,0.7983,0.7592,0.5919,0.4878,0.1328
116,Southwest,Texas,TX-801,REP-80981,LifePoint Health,Central Medical Center,Orthopedics,Tier 1,Delta Series,Accessories,Vizient,470,447360.87,278012.54,305376.75,1,4,4,0.3605,0.8988,0.8832,0.5678,0.7308,0.4352,0.586,0.0967
117,Northeast,New England,NE-103,REP-61688,HCA Healthcare,Coastal Community Hospital,Cardiovascular,Non-Target,Beta Series,Disposables,HealthTrust,584,688185.28,569688.44,247912.55,10,10,7,0.4768,0.3485,0.4318,0.8019,0.6262,0.2399,0.1404,0.3063
118,Southwest,Texas,TX-803,REP-56961,Advocate Aurora,Mercy Health System,Neurology,Tier 3,Alpha Series,Capital Equipment,Premier,1703,564541.13,450456.4,424189.23,1,6,5,0.3964,0.7623,0.9295,0.4566,0.1441,0.369,0.501,0.1456
119,Southwest,Mountain West,MW-901,REP-22415,SSM Health,Valley Regional Hospital,Cardiovascular,Tier 1,Alpha Series,Disposables,Premier,455,667755.06,441834.77,385572.58,20,2,9,0.681,0.8963,0.3487,0.9974,0.278,0.6814,0.4951,0.1006
120,Midwest,Great Lakes,GL-601,REP-70423,CommonSpirit Health,Riverside Community Hospital,Neurology,Non-Target,Delta Series,Capital Equipment,Intalere,1449,369998.01,242786.4,546816.45,8,8,7,0.8742,0.3225,0.7025,0.3212,0.3656,0.4708,0.3529,0.0835
121,Midwest,Central Plains,CP-701,REP-64949,Advocate Aurora,Central Community Hospital,General Surgery,Tier 1,Delta Series,Accessories,Intalere,1165,636076.33,415491.57,348077.65,10,12,4,0.4169,0.5073,0.4424,0.9062,0.8007,0.1527,0.5953,0.3412
122,West,Pacific Northwest,PN-1001,REP-23124,Atrium Health,Central Regional Hospital,Orthopedics,Tier 1,Beta Series,Service Contract,HealthTrust,1965,679416.69,545956.34,122138.21,18,10,5,0.8941,0.3183,0.7554,0.9528,0.6072,0.6068,0.1535,0.5934
123,Southwest,Mountain West,MW-901,REP-74282,CommonSpirit Health,Valley Medical Center,General Surgery,Tier 2,Alpha Series,Service Contract,Vizient,729,738422.14,450761.91,95683.94,5,10,0,0.3142,0.6813,0.8962,0.7969,0.8618,0.8746,0.5783,0.2555
124,Southwest,Texas,TX-802,REP-49552,Intermountain Health,Riverside Regional Hospital,Women's Health,Non-Target,Delta Series,Accessories,Premier,1498,776557.17,588683.23,558730.22,11,7,10,0.6828,0.414,0.4994,0.7196,0.2146,0.7559,0.5718,0.5718
125,Southwest,Texas,TX-801,REP-88956,Intermountain Health,Memorial Community Hospital,General Surgery,Tier 1,Delta Series,Disposables,HealthTrust,1576,108354.98,70868.82,205320.83,20,2,10,0.7154,0.8763,0.5903,0.3387,0.3246,0.161,0.1912,0.1094
126,Northeast,New England,NE-102,REP-67438,Piedmont Healthcare,Riverside General Hospital,Neurology,Non-Target,Gamma Series,Service Contract,Vizient,1747,409616.94,331468.26,397562.35,7,5,7,0.3479,0.8497,0.4917,0.3868,0.9565,0.1668,0.1436,0.2565
127,Northeast,New England,NE-102,REP-87860,Sutter Health,Metro Medical Center,Neurology,Tier 2,Delta Series,Disposables,Vizient,257,298320.93,251281.54,257382.32,17,8,10,0.483,0.4544,0.3323,0.6146,0.8559,0.2382,0.2485,0.2852
128,Midwest,Central Plains,CP-701,REP-22712,Ascension Health,Lakeside Regional Hospital,Women's Health,Tier 3,Alpha Series,Service Contract,None,286,281265.05,188233.88,303676.15,8,2,10,0.6537,0.4202,0.8756,0.4325,0.5012,0.337,0.3058,0.1744
129,Midwest,Great Lakes,GL-601,REP-97486,Tenet Healthcare,Valley Health System,Oncology,Non-Target,Beta Series,Capital Equipment,None,842,663803.91,448459.03,330598.36,15,7,7,0.4943,0.5566,0.8551,0.1313,0.6141,0.5651,0.3643,0.5905
130,Southeast,Carolinas,CA-302,REP-32659,Trinity Health,Lakeside Regional Hospital,General Surgery,Tier 1,Delta Series,Capital Equipment,MedAssets,941,201439.46,160500.76,105769.39,19,8,5,0.892,0.8942,0.3436,0.4493,0.4576,0.3935,0.2019,0.302
131,Northeast,Mid-Atlantic,MA-201,REP-64321,Providence Health,Riverside Community Hospital,Oncology,Tier 1,Alpha Series,Capital Equipment,None,635,700606.45,570322.19,529178.27,8,12,10,0.6156,0.6958,0.3244,0.3479,0.2295,0.6478,0.4315,0.0713
132,Midwest,Great Lakes,GL-601,REP-72287,Banner Health,Memorial Health System,Cardiovascular,Tier 3,Gamma Series,Accessories,HealthTrust,1776,418714.41,317743.46,76966.09,7,4,4,0.9332,0.588,0.8368,0.3425,0.4751,0.681,0.1534,0.1663
133,Southwest,Mountain West,MW-902,REP-17367,Trinity Health,Valley Health System,Women's Health,Non-Target,Beta Series,Capital Equipment,Premier,444,706385.42,431049.12,53423.96,1,14,0,0.8967,0.758,0.4781,0.8412,0.5546,0.6719,0.1181,0.0668
134,Midwest,Central Plains,CP-702,REP-33276,Sutter Health,Coastal Community Hospital,Orthopedics,Tier 3,Beta Series,Accessories,MedAssets,1751,566637.9,360110.18,244208.09,5,6,3,0.7208,0.7405,0.4749,0.4686,0.118,0.8023,0.4722,0.0549
135,Southeast,Gulf Coast,GC-501,REP-88792,Ascension Health,Lakeside Health System,Oncology,Tier 3,Gamma Series,Service Contract,Intalere,1794,311531.9,194894.24,290684.85,16,12,9,0.3665,0.6325,0.7305,0.859,0.4368,0.6826,0.385,0.2142
136,Northeast,Mid-Atlantic,MA-201,REP-54077,Banner Health,Central Health System,Orthopedics,Tier 3,Gamma Series,Disposables,Premier,1109,624105.79,511708.15,487149.3,19,12,10,0.5077,0.391,0.3165,0.5476,0.366,0.9162,0.2725,0.4552
137,West,Pacific Northwest,PN-1002,REP-39145,Sutter Health,Memorial Health System,Oncology,Tier 3,Beta Series,Disposables,HealthTrust,249,403085.65,311293.24,440608.25,17,5,10,0.8847,0.7254,0.4445,0.301,0.8843,0.4784,0.5378,0.2544
138,West,California,CA-1102,REP-25437,Sutter Health,St. Mary's Community Hospital,Oncology,Tier 1,Delta Series,Disposables,Provista,295,700623.32,465564.73,193046.34,1,4,2,0.945,0.5227,0.9417,0.9036,0.988,0.2289,0.5243,0.1492
139,Northeast,Mid-Atlantic,MA-202,REP-92710,Trinity Health,Horizon Medical Center,Cardiovascular,Non-Target,Gamma Series,Disposables,None,1634,176454.32,137518.81,303954.71,2,4,9,0.5819,0.5791,0.5789,0.5297,0.1042,0.5804,0.4519,0.5725
140,Midwest,Great Lakes,GL-601,REP-98702,Ascension Health,Central Regional Hospital,General Surgery,Tier 3,Gamma Series,Disposables,Vizient,835,427502.36,274385.78,57866.47,1,9,4,0.5964,0.6382,0.6407,0.4903,0.7181,0.2204,0.5979,0.3196
141,Southeast,Carolinas,CA-302,REP-12506,Atrium Health,Lakeside Regional Hospital,General Surgery,Tier 1,Beta Series,Capital Equipment,HealthTrust,1506,537905.29,301877.31,528395.6,8,1,9,0.9465,0.7303,0.7248,0.1178,0.7208,0.4751,0.2591,0.351
142,Southwest,Texas,TX-801,REP-99881,Ascension Health,Summit General Hospital,Women's Health,Tier 1,Gamma Series,Disposables,Intalere,1751,723966.44,509292.61,378264.81,9,3,1,0.6235,0.6959,0.8057,0.8483,0.9758,0.4221,0.2754,0.1382
143,West,California,CA-1101,REP-73001,Intermountain Health,Lakeside Medical Center,Cardiovascular,Tier 1,Alpha Series,Service Contract,Premier,1994,117562.01,82706.24,439666.9,3,8,10,0.4503,0.9426,0.4924,0.5178,0.1898,0.2572,0.0717,0.2098
144,Midwest,Central Plains,CP-701,REP-22451,CommonSpirit Health,St. Mary's Regional Hospital,Women's Health,Tier 2,Gamma Series,Accessories,Intalere,1323,251232.05,193428.68,236120.85,10,5,1,0.5605,0.9255,0.4767,0.4471,0.8656,0.8199,0.4069,0.4883
145,Northeast,New England,NE-103,REP-17686,Trinity Health,Valley General Hospital,Oncology,Non-Target,Delta Series,Disposables,Provista,827,634373.22,465254.09,520293.95,4,15,7,0.3734,0.5673,0.3299,0.3355,0.3828,0.7341,0.4229,0.4721
146,West,Pacific Northwest,PN-1002,REP-78039,Tenet Healthcare,Parkview Regional Hospital,Neurology,Tier 3,Delta Series,Disposables,None,1742,468758.18,396727.62,51648.35,20,5,8,0.8517,0.8537,0.8651,0.1674,0.5425,0.3168,0.5836,0.0777
147,Southeast,Gulf Coast,GC-502,REP-62858,Atrium Health,Valley General Hospital,Neurology,Non-Target,Alpha Series,Service Contract,Intalere,697,139030.14,97211.54,398956.34,3,12,6,0.3233,0.6569,0.8368,0.8126,0.9669,0.6738,0.5396,0.3593
148,Southwest,Mountain West,MW-902,REP-17113,Atrium Health,University General Hospital,Orthopedics,Non-Target,Gamma Series,Service Contract,Vizient,249,619489.96,381930.51,217987.13,20,9,8,0.6393,0.7564,0.3298,0.2477,0.2264,0.7452,0.4469,0.1088
149,West,Pacific Northwest,PN-1001,REP-25826,Northwell Health,Lakeside General Hospital,General Surgery,Tier 3,Alpha Series,Service Contract,Vizient,1947,524930.35,394559.98,91467.13,14,14,10,0.6831,0.6277,0.9265,0.1039,0.7626,0.5979,0.288,0.3718
150,West,Pacific Northwest,PN-1001,REP-26827,Tenet Healthcare,Parkview Community Hospital,Oncology,Tier 3,Delta Series,Service Contract,Provista,1925,569386.65,355565.81,250764.6,10,9,7,0.8231,0.3898,0.6916,0.8978,0.5611,0.8588,0.3513,0.2227
151,West,Pacific Northwest,PN-1001,REP-37487,Dignity Health,Central Health System,Women's Health,Tier 2,Beta Series,Accessories,MedAssets,286,620581.27,446001.87,358027.64,13,9,6,0.8254,0.6398,0.3164,0.2308,0.7032,0.2799,0.4626,0.1385
152,Midwest,Central Plains,CP-701,REP-18130,Dignity Health,Lakeside Community Hospital,Cardiovascular,Tier 3,Delta Series,Capital Equipment,Provista,1827,556644.51,399985.54,150098.28,20,12,3,0.6321,0.8179,0.7525,0.7236,0.1423,0.4434,0.2791,0.4835
153,Midwest,Great Lakes,GL-601,REP-42943,Advocate Aurora,Coastal General Hospital,General Surgery,Tier 3,Beta Series,Disposables,HealthTrust,969,183069.42,138180.37,128446.42,5,3,6,0.3264,0.4814,0.4718,0.2448,0.8614,0.1051,0.3065,0.5656
154,Northeast,New England,NE-102,REP-88234,CommonSpirit Health,Capital Community Hospital,Women's Health,Tier 3,Delta Series,Accessories,Vizient,1655,580761.17,410957.36,575052.88,16,2,8,0.4036,0.653,0.5622,0.4145,0.8951,0.697,0.2321,0.2115
155,West,California,CA-1103,REP-95105,Ascension Health,Valley Health System,Neurology,Tier 2,Beta Series,Capital Equipment,MedAssets,1863,290702.76,239765.74,568092.85,12,8,8,0.7706,0.3161,0.636,0.7934,0.5629,0.5579,0.3177,0.213
156,Southeast,Florida,FL-403,REP-20793,Tenet Healthcare,Riverside Community Hospital,Oncology,Tier 1,Alpha Series,Disposables,MedAssets,1339,630186.7,510126.84,266041.48,3,6,8,0.8387,0.8711,0.7819,0.4917,0.8351,0.1649,0.4273,0.0631
157,Midwest,Great Lakes,GL-601,REP-19600,CommonSpirit Health,Riverside Health System,Oncology,Tier 1,Beta Series,Accessories,Intalere,844,388344.25,260708.86,203514.46,12,3,8,0.3038,0.7682,0.3411,0.7714,0.141,0.8634,0.2467,0.3266
158,Midwest,Central Plains,CP-701,REP-46899,SSM Health,Parkview General Hospital,Women's Health,Tier 1,Delta Series,Disposables,Provista,500,152286.1,101620.17,482541.08,17,9,10,0.3936,0.7402,0.8942,0.8155,0.7564,0.4358,0.5722,0.3544
159,West,Pacific Northwest,PN-1001,REP-15475,Ascension Health,Coastal Community Hospital,Neurology,Tier 1,Gamma Series,Disposables,MedAssets,1568,727659.78,475274.98,259339.61,20,4,2,0.4196,0.701,0.4643,0.2032,0.7039,0.6106,0.0799,0.4631
160,West,California,CA-1103,REP-82045,HCA Healthcare,Summit Medical Center,Orthopedics,Tier 1,Beta Series,Service Contract,HealthTrust,781,146161.36,109130.19,78026.13,19,2,3,0.5066,0.5929,0.7006,0.3751,0.6258,0.609,0.2505,0.224
161,Southwest,Texas,TX-801,REP-51053,Atrium Health,Capital Regional Hospital,Women's Health,Non-Target,Gamma Series,Accessories,Premier,1441,599729.6,487799.52,288452.06,11,9,7,0.6586,0.4143,0.6943,0.8576,0.8728,0.226,0.3462,0.1948
162,Northeast,New England,NE-101,REP-76476,Ascension Health,University Community Hospital,Oncology,Non-Target,Beta Series,Capital Equipment,Provista,583,457601.99,388787.09,293820.29,4,11,6,0.4451,0.8019,0.7766,0.3619,0.5182,0.5594,0.2682,0.3262
163,Southeast,Gulf Coast,GC-501,REP-77388,Providence Health,Mercy Regional Hospital,General Surgery,Tier 2,Delta Series,Accessories,Vizient,498,621104.28,384789.61,173327.13,7,1,10,0.4344,0.89,0.5348,0.5227,0.5092,0.1418,0.5893,0.2282
164,West,California,CA-1103,REP-44513,Trinity Health,Parkview General Hospital,Orthopedics,Tier 1,Gamma Series,Service Contract,Premier,1107,354381.65,281794.02,220118.75,15,0,8,0.8733,0.5859,0.4495,0.5631,0.3527,0.2352,0.1365,0.3811
165,Northeast,New England,NE-102,REP-53283,Tenet Healthcare,Mercy General Hospital,Neurology,Tier 2,Beta Series,Service Contract,Vizient,549,82358.25,59466.44,113454.9,20,1,9,0.3955,0.4081,0.8996,0.565,0.4649,0.9723,0.4007,0.5332
166,Midwest,Great Lakes,GL-601,REP-68877,Sutter Health,University General Hospital,General Surgery,Tier 2,Delta Series,Disposables,None,1243,665339.89,402241.37,402596.28,8,5,10,0.5227,0.5948,0.6839,0.3068,0.4469,0.1977,0.1613,0.5228
167,West,California,CA-1101,REP-89365,Tenet Healthcare,Riverside General Hospital,Oncology,Tier 1,Alpha Series,Capital Equipment,Intalere,1400,147746.63,108009.05,499962.63,20,13,8,0.5734,0.8686,0.7535,0.4861,0.9446,0.5339,0.4728,0.2428
168,West,Pacific Northwest,PN-1002,REP-27548,Banner Health,Mercy Regional Hospital,Cardiovascular,Tier 3,Delta Series,Accessories,Premier,61,581861.63,457824.29,355232.54,3,0,6,0.7255,0.747,0.5053,0.426,0.2393,0.6864,0.1895,0.5202
169,Southwest,Mountain West,MW-902,REP-99208,Northwell Health,Capital Regional Hospital,Neurology,Non-Target,Beta Series,Accessories,Provista,1186,412820.12,349473.9,355037.67,12,4,10,0.3774,0.4494,0.809,0.9543,0.1903,0.5575,0.4823,0.4905
170,West,Pacific Northwest,PN-1001,REP-61000,Ascension Health,Capital Medical Center,General Surgery,Non-Target,Delta Series,Capital Equipment,Vizient,588,216327.68,124174.67,41898.1,12,12,9,0.7265,0.4862,0.9263,0.1517,0.7962,0.2577,0.3219,0.0559
171,West,California,CA-1101,REP-14405,Atrium Health,Coastal Regional Hospital,Women's Health,Tier 1,Gamma Series,Disposables,MedAssets,50,781734.43,450320.34,180043.38,12,11,10,0.5568,0.681,0.6365,0.7632,0.1618,0.1811,0.2065,0.5064
172,West,California,CA-1102,REP-46242,Atrium Health,Coastal Regional Hospital,Neurology,Non-Target,Alpha Series,Accessories,Premier,883,429678.57,308332.71,311838.12,10,3,8,0.9219,0.8695,0.8285,0.6174,0.7248,0.9694,0.3597,0.4735
173,Midwest,Central Plains,CP-702,REP-86916,Ascension Health,Mercy Medical Center,Orthopedics,Tier 1,Delta Series,Disposables,MedAssets,1486,222447.6,143416.24,574158.5,16,0,4,0.4614,0.3605,0.7379,0.839,0.1684,0.9383,0.3121,0.2444
174,West,California,CA-1101,REP-99536,Advocate Aurora,Mercy Regional Hospital,General Surgery,Tier 2,Gamma Series,Disposables,Premier,465,676205.36,541573.15,226495.88,3,3,1,0.7393,0.7312,0.699,0.7878,0.5873,0.138,0.3153,0.3914
175,Southwest,Mountain West,MW-902,REP-33969,Banner Health,Parkview Regional Hospital,Oncology,Tier 2,Alpha Series,Service Contract,Intalere,1974,455575.96,319241.47,248355.82,5,14,1,0.7539,0.599,0.748,0.1106,0.2897,0.6229,0.229,0.387
176,Midwest,Great Lakes,GL-603,REP-44452,Atrium Health,Summit General Hospital,Oncology,Tier 3,Gamma Series,Disposables,Intalere,918,207899.36,158047.96,235939.58,12,8,7,0.4169,0.3852,0.6743,0.3057,0.1899,0.343,0.1797,0.2877
177,Southwest,Texas,TX-801,REP-29601,Sutter Health,Capital Medical Center,General Surgery,Non-Target,Delta Series,Disposables,None,1341,437755.23,335394.09,475493.1,9,8,8,0.858,0.331,0.3643,0.247,0.2939,0.3289,0.5114,0.103
178,Midwest,Central Plains,CP-702,REP-57226,Banner Health,Horizon Medical Center,Neurology,Tier 1,Gamma Series,Disposables,Provista,1229,537399.11,382376.38,588036.42,9,11,5,0.7376,0.6169,0.7787,0.9007,0.443,0.3579,0.3974,0.1297
179,Southeast,Gulf Coast,GC-502,REP-65288,Northwell Health,University Medical Center,Cardiovascular,Tier 2,Gamma Series,Disposables,HealthTrust,698,539759.82,411906.94,371123.28,12,8,7,0.8076,0.9102,0.7861,0.5688,0.5053,0.2506,0.5198,0.1188
180,Southeast,Gulf Coast,GC-502,REP-20494,Advocate Aurora,Riverside General Hospital,Cardiovascular,Tier 1,Alpha Series,Service Contract,Provista,160,69773.69,46685.84,463697.9,2,3,4,0.7018,0.3548,0.9055,0.4509,0.3064,0.7638,0.2937,0.1195
181,West,Pacific Northwest,PN-1001,REP-14607,LifePoint Health,University Health System,Neurology,Non-Target,Gamma Series,Service Contract,Premier,1992,573217.16,345713.57,366598.84,20,13,8,0.7159,0.647,0.8908,0.5335,0.3044,0.1806,0.2193,0.2767
182,Southeast,Florida,FL-401,REP-10012,Providence Health,Horizon Health System,Neurology,Tier 1,Delta Series,Service Contract,HealthTrust,68,624401.9,492896.26,366262.18,0,11,3,0.5676,0.6644,0.5566,0.2469,0.7634,0.4508,0.2581,0.1946
183,Southwest,Texas,TX-803,REP-90375,Banner Health,Summit Community Hospital,Orthopedics,Non-Target,Beta Series,Capital Equipment,Premier,329,267196.47,198010.7,378283.06,8,15,3,0.5084,0.3989,0.9303,0.1199,0.9751,0.3539,0.1188,0.2911
184,Northeast,New England,NE-101,REP-29750,Ascension Health,Mercy Regional Hospital,Orthopedics,Non-Target,Gamma Series,Service Contract,HealthTrust,999,572701.1,320438.37,66529.4,4,1,4,0.8042,0.3464,0.6056,0.273,0.8574,0.8355,0.5055,0.1171
185,Southeast,Florida,FL-402,REP-42396,CommonSpirit Health,Lakeside General Hospital,Women's Health,Tier 1,Beta Series,Service Contract,Intalere,1445,770910.42,640522.16,111994.63,1,3,4,0.6128,0.4942,0.5343,0.1469,0.7,0.9759,0.1798,0.2888
186,Northeast,New England,NE-102,REP-86637,Tenet Healthcare,Parkview Regional Hospital,Cardiovascular,Tier 1,Delta Series,Disposables,HealthTrust,1628,117109.93,69950.88,73012.9,19,10,10,0.339,0.5311,0.4,0.5827,0.1967,0.5391,0.2242,0.3571
187,Midwest,Central Plains,CP-701,REP-12798,Northwell Health,Horizon Regional Hospital,Orthopedics,Tier 1,Delta Series,Service Contract,Provista,653,457050.56,318576.85,348687.01,17,11,5,0.7761,0.479,0.8404,0.923,0.5991,0.162,0.1353,0.2126
188,Midwest,Central Plains,CP-702,REP-10094,Northwell Health,Metro Regional Hospital,Cardiovascular,Tier 3,Beta Series,Accessories,MedAssets,179,543717.06,386956.34,244744.69,16,15,8,0.4002,0.484,0.5664,0.3898,0.1866,0.693,0.0741,0.5658
189,Southeast,Carolinas,CA-301,REP-24031,Sutter Health,Lakeside Medical Center,Cardiovascular,Non-Target,Delta Series,Accessories,Vizient,800,215542.09,164965.91,27589.94,6,15,1,0.6042,0.7153,0.5346,0.7691,0.9014,0.8398,0.4868,0.0821
190,West,California,CA-1103,REP-15328,HCA Healthcare,University Health System,Cardiovascular,Tier 2,Alpha Series,Capital Equipment,MedAssets,523,448745.79,272316.05,325191.37,7,5,8,0.787,0.5699,0.3686,0.6748,0.4222,0.5128,0.4159,0.5356
191,Southeast,Carolinas,CA-302,REP-76151,Intermountain Health,Central Regional Hospital,Oncology,Non-Target,Gamma Series,Accessories,Provista,714,683640.51,460570.65,387279.68,10,7,9,0.6547,0.5438,0.6577,0.7701,0.424,0.5072,0.5779,0.0501
192,Northeast,Mid-Atlantic,MA-203,REP-12136,Providence Health,Memorial Health System,Cardiovascular,Tier 3,Beta Series,Disposables,None,694,66276.03,52794.29,420037.13,8,4,1,0.3245,0.5312,0.39,0.4304,0.6239,0.3097,0.4961,0.1005
193,Southwest,Texas,TX-803,REP-20118,Intermountain Health,Capital General Hospital,General Surgery,Non-Target,Alpha Series,Accessories,Vizient,1546,656255.88,436058.3,472470.71,10,11,6,0.5707,0.8641,0.8654,0.304,0.6875,0.6421,0.0563,0.4776
194,Southwest,Texas,TX-802,REP-78731,CommonSpirit Health,Horizon Community Hospital,Oncology,Tier 2,Gamma Series,Disposables,Premier,153,555226.43,471503.94,583203.34,19,2,3,0.5808,0.8111,0.3962,0.4026,0.5283,0.7708,0.3515,0.1944
195,Southwest,Mountain West,MW-901,REP-27677,Sutter Health,Heritage Regional Hospital,Neurology,Non-Target,Beta Series,Disposables,Premier,196,249692.82,169546.35,417148.02,18,2,1,0.7366,0.5753,0.5264,0.3887,0.6345,0.1218,0.2177,0.5932
196,West,California,CA-1103,REP-29112,SSM Health,St. Mary's Regional Hospital,General Surgery,Tier 3,Beta Series,Capital Equipment,Vizient,1564,90903.51,75875.55,557503.22,9,0,5,0.751,0.3723,0.5925,0.1205,0.2881,0.5842,0.1621,0.3378
197,Midwest,Central Plains,CP-701,REP-97590,Ascension Health,Parkview Community Hospital,Women's Health,Tier 1,Gamma Series,Disposables,Vizient,631,200522.04,152187.81,177343.24,14,0,1,0.5526,0.4764,0.8539,0.6941,0.8779,0.1172,0.5271,0.4072
198,Southeast,Florida,FL-403,REP-23055,Intermountain Health,Mercy Community Hospital,Oncology,Tier 1,Beta Series,Disposables,Provista,987,470515.66,359351.99,43056.39,16,9,5,0.6185,0.7839,0.3119,0.7159,0.4198,0.3721,0.5978,0.5882
199,Midwest,Great Lakes,GL-603,REP-43774,Northwell Health,Memorial Medical Center,Oncology,Tier 3,Beta Series,Disposables,HealthTrust,1887,344634.95,203740.67,443336.01,16,7,6,0.4562,0.3993,0.9308,0.9188,0.3964,0.588,0.1637,0.1262
200,West,Pacific Northwest,PN-1001,REP-50501,Providence Health,Parkview Regional Hospital,Women's Health,Tier 2,Gamma Series,Capital Equipment,Provista,1141,761451.17,445841.99,204206.6,4,0,5,0.8721,0.5691,0.5673,0.4987,0.9404,0.9047,0.5633,0.2006
201,Southeast,Carolinas,CA-301,REP-34215,Ascension Health,Capital Community Hospital,Oncology,Tier 3,Beta Series,Disposables,Premier,1457,69563.37,39918.43,472299.22,4,15,10,0.5431,0.8539,0.6194,0.2238,0.2739,0.129,0.4705,0.0583
202,Midwest,Central Plains,CP-701,REP-97993,Advocate Aurora,Capital Regional Hospital,Cardiovascular,Tier 2,Delta Series,Service Contract,MedAssets,715,700081.18,571459.52,267982.3,1,12,5,0.5562,0.9104,0.6718,0.5825,0.6773,0.7337,0.0712,0.1101
203,Southwest,Texas,TX-801,REP-77987,Northwell Health,Metro Medical Center,Oncology,Non-Target,Alpha Series,Disposables,HealthTrust,950,348529.92,223535.33,500020.18,14,5,6,0.4914,0.8974,0.7485,0.9133,0.5172,0.6815,0.0997,0.3254
204,Southeast,Gulf Coast,GC-501,REP-61520,Piedmont Healthcare,Horizon General Hospital,Cardiovascular,Tier 2,Delta Series,Disposables,Intalere,234,237561.72,179956.62,546154.23,5,3,1,0.3742,0.5921,0.5359,0.5714,0.4457,0.812,0.3314,0.5724
205,Southwest,Mountain West,MW-901,REP-32398,Intermountain Health,Coastal Regional Hospital,General Surgery,Tier 2,Beta Series,Capital Equipment,Intalere,680,282138.73,220234.42,278829.78,20,5,1,0.8841,0.9243,0.3023,0.7889,0.111,0.5479,0.3243,0.4941
206,West,California,CA-1101,REP-38426,Sutter Health,Mercy General Hospital,Neurology,Tier 1,Alpha Series,Disposables,Provista,619,514824.53,369265.41,498646.45,1,5,2,0.3358,0.5269,0.3945,0.1292,0.6203,0.643,0.2321,0.0982
207,Northeast,Mid-Atlantic,MA-201,REP-31146,Dignity Health,Coastal Community Hospital,Oncology,Tier 2,Delta Series,Accessories,Vizient,240,626383.99,405174.33,540567.27,2,13,8,0.3422,0.606,0.3793,0.8735,0.3963,0.4724,0.1654,0.165
208,Northeast,New England,NE-103,REP-92441,HCA Healthcare,Mercy Community Hospital,Women's Health,Tier 3,Delta Series,Accessories,HealthTrust,1126,481357.02,354747.24,557721.11,19,15,8,0.774,0.6235,0.8252,0.8953,0.3094,0.3614,0.1565,0.115
209,Southwest,Texas,TX-803,REP-37175,Piedmont Healthcare,Parkview Medical Center,Orthopedics,Tier 3,Beta Series,Capital Equipment,MedAssets,462,567512.8,355447.6,59344.92,9,10,0,0.374,0.5166,0.5574,0.612,0.9641,0.8488,0.1567,0.5086
210,Southwest,Mountain West,MW-901,REP-94626,Providence Health,Mercy Regional Hospital,Women's Health,Non-Target,Gamma Series,Service Contract,None,1717,360464.8,278558.33,504361.33,9,10,8,0.6483,0.4354,0.7456,0.8196,0.8992,0.4182,0.5833,0.2043
211,Northeast,Mid-Atlantic,MA-202,REP-92118,Trinity Health,Coastal Community Hospital,Neurology,Tier 2,Alpha Series,Accessories,MedAssets,1806,285874.55,159943.51,260044.35,15,7,5,0.5937,0.918,0.4405,0.3721,0.201,0.8064,0.4778,0.5523
212,Southwest,Texas,TX-802,REP-75543,Providence Health,Lakeside Health System,Neurology,Tier 3,Gamma Series,Disposables,None,1835,123688.67,104477.6,319365.04,4,6,0,0.5986,0.7639,0.6395,0.1037,0.9391,0.7183,0.3769,0.0979
213,Southwest,Texas,TX-801,REP-78233,Dignity Health,St. Mary's Community Hospital,Orthopedics,Tier 2,Gamma Series,Disposables,Premier,636,257487.15,166271.02,275847.06,3,8,2,0.4024,0.3744,0.9229,0.6037,0.1921,0.5883,0.3522,0.1991
214,Midwest,Great Lakes,GL-601,REP-19337,Dignity Health,Coastal Health System,Oncology,Non-Target,Alpha Series,Disposables,Vizient,1014,727469.31,411119.68,242487.79,2,13,6,0.4163,0.6875,0.6853,0.8526,0.7294,0.6547,0.2218,0.4996
215,West,Pacific Northwest,PN-1002,REP-84421,Providence Health,Valley General Hospital,Cardiovascular,Non-Target,Gamma Series,Service Contract,Intalere,524,760586.2,451116.23,539506.5,8,11,6,0.4192,0.8962,0.5147,0.8747,0.3923,0.5388,0.086,0.1121
216,Southwest,Mountain West,MW-901,REP-46996,LifePoint Health,Coastal Community Hospital,General Surgery,Tier 1,Delta Series,Capital Equipment,HealthTrust,1188,537088.56,423080.39,328992.43,12,13,3,0.7036,0.6562,0.933,0.4454,0.4066,0.8325,0.375,0.4814
217,Southwest,Mountain West,MW-901,REP-32686,HCA Healthcare,Metro Community Hospital,Neurology,Tier 1,Delta Series,Accessories,Provista,249,666517.29,401811.42,574412.4,2,3,10,0.8291,0.8014,0.5463,0.5449,0.6941,0.1815,0.4994,0.538
218,Northeast,New England,NE-103,REP-29558,SSM Health,Heritage Health System,Neurology,Non-Target,Beta Series,Disposables,MedAssets,1846,287448.29,207274.05,549658.47,9,13,5,0.9437,0.6788,0.6975,0.5594,0.8629,0.8673,0.0843,0.5456
219,Northeast,New England,NE-103,REP-83404,LifePoint Health,Valley Health System,Cardiovascular,Tier 2,Delta Series,Service Contract,MedAssets,701,583830.24,392222.87,272410.23,6,5,7,0.3904,0.661,0.8482,0.4243,0.4755,0.3596,0.53,0.1191
220,Northeast,New England,NE-103,REP-12058,Providence Health,Metro General Hospital,Women's Health,Non-Target,Beta Series,Capital Equipment,Premier,1365,654456.21,528830.61,538277.83,19,13,9,0.4169,0.6311,0.6588,0.505,0.4198,0.2672,0.3825,0.3679
221,Southeast,Gulf Coast,GC-502,REP-63849,LifePoint Health,St. Mary's Medical Center,Oncology,Non-Target,Gamma Series,Capital Equipment,Provista,1036,771303.31,442742.7,443507.57,16,8,7,0.636,0.6402,0.6965,0.3207,0.6676,0.6974,0.4178,0.4262
222,West,California,CA-1103,REP-16917,Intermountain Health,Heritage Medical Center,Neurology,Non-Target,Delta Series,Accessories,Intalere,772,770435.98,608233.76,187740.9,1,9,9,0.4693,0.709,0.6758,0.6156,0.6907,0.3626,0.4556,0.065
223,Southwest,Texas,TX-801,REP-76269,HCA Healthcare,University Health System,Orthopedics,Tier 2,Gamma Series,Accessories,None,576,60652.26,35388.46,121276.03,18,4,10,0.5903,0.8251,0.4698,0.7307,0.5364,0.8194,0.5241,0.2386
224,Northeast,New England,NE-103,REP-30204,Sutter Health,Capital General Hospital,Neurology,Tier 2,Delta Series,Disposables,Premier,1233,600770.83,392617.38,392511.44,3,1,2,0.6016,0.6096,0.6096,0.9534,0.9302,0.3103,0.4259,0.2645
225,Midwest,Great Lakes,GL-603,REP-66981,Ascension Health,Summit General Hospital,Neurology,Tier 3,Alpha Series,Capital Equipment,Provista,1355,315371.07,253328.68,374081.63,20,8,5,0.4757,0.8215,0.466,0.6258,0.515,0.7078,0.183,0.4195
226,Southeast,Gulf Coast,GC-502,REP-98829,Trinity Health,Horizon Community Hospital,Cardiovascular,Tier 1,Alpha Series,Capital Equipment,Intalere,250,443948.2,335469.4,223879.52,9,8,3,0.3221,0.7026,0.337,0.6347,0.9046,0.2951,0.3797,0.117
227,Northeast,New England,NE-103,REP-27027,Northwell Health,Central Community Hospital,General Surgery,Tier 1,Beta Series,Accessories,HealthTrust,1006,545358.38,312334.52,282997.38,8,13,10,0.8004,0.5102,0.4053,0.1666,0.7994,0.4445,0.233,0.083
228,Midwest,Great Lakes,GL-602,REP-19096,Sutter Health,Memorial Regional Hospital,Oncology,Non-Target,Beta Series,Service Contract,Vizient,344,455474.12,309438.22,376100.45,3,14,4,0.3671,0.3474,0.6714,0.3255,0.5013,0.9069,0.1319,0.4022
229,Northeast,Mid-Atlantic,MA-202,REP-29871,Intermountain Health,Memorial General Hospital,Oncology,Tier 1,Delta Series,Service Contract,Intalere,877,683036.87,535692.92,475521.39,17,7,0,0.5499,0.748,0.8069,0.2091,0.5818,0.9924,0.2334,0.2166
230,Northeast,New England,NE-102,REP-80074,Intermountain Health,Valley General Hospital,Orthopedics,Tier 2,Beta Series,Capital Equipment,Intalere,1403,193252.37,146633.07,539947.2,20,11,7,0.3552,0.7113,0.778,0.2259,0.2738,0.7478,0.3761,0.3191
231,Northeast,Mid-Atlantic,MA-202,REP-79984,SSM Health,St. Mary's Medical Center,Orthopedics,Tier 1,Gamma Series,Capital Equipment,Intalere,292,208758.63,155766.29,323409.39,17,4,9,0.4514,0.3468,0.778,0.54,0.1172,0.9165,0.3901,0.1835
232,Southeast,Carolinas,CA-301,REP-92924,CommonSpirit Health,Memorial Health System,Cardiovascular,Non-Target,Beta Series,Capital Equipment,None,1724,129748.4,90712.69,483521.63,7,2,3,0.577,0.8275,0.9384,0.7106,0.3918,0.9783,0.3668,0.1255
233,Southeast,Carolinas,CA-301,REP-53975,HCA Healthcare,Valley Health System,General Surgery,Non-Target,Beta Series,Accessories,Provista,387,378995.91,313695.92,43605.36,3,12,2,0.3102,0.6165,0.3041,0.2615,0.1802,0.6866,0.5378,0.2789
234,Southwest,Texas,TX-801,REP-28754,Banner Health,Heritage General Hospital,Neurology,Tier 2,Beta Series,Capital Equipment,Provista,418,587899.07,431291.54,71052.29,9,11,6,0.303,0.4532,0.3764,0.5772,0.1861,0.4257,0.4686,0.3468
235,Southeast,Florida,FL-403,REP-96419,Advocate Aurora,Summit Medical Center,General Surgery,Tier 1,Beta Series,Service Contract,Intalere,411,169819.7,140407.25,51336.02,11,9,3,0.5825,0.5173,0.8233,0.7826,0.139,0.7664,0.5587,0.1467
236,Northeast,Mid-Atlantic,MA-203,REP-25212,HCA Healthcare,Memorial Regional Hospital,Women's Health,Non-Target,Gamma Series,Service Contract,Premier,1580,557639.41,361186.11,471805.66,10,7,1,0.4541,0.5682,0.43,0.9022,0.1662,0.6266,0.0799,0.2897
237,Southeast,Gulf Coast,GC-502,REP-33338,Northwell Health,Horizon Regional Hospital,Neurology,Tier 2,Gamma Series,Accessories,Premier,737,145408.82,110170.91,54598,4,3,7,0.5981,0.4113,0.5233,0.8978,0.6433,0.8106,0.4009,0.3863
238,Southeast,Gulf Coast,GC-501,REP-21334,Piedmont Healthcare,University Community Hospital,Neurology,Tier 2,Delta Series,Service Contract,HealthTrust,79,597513.32,460595.33,163059.42,10,13,9,0.4446,0.9029,0.9151,0.9224,0.9084,0.476,0.0743,0.5952
239,West,Pacific Northwest,PN-1002,REP-79615,Northwell Health,Mercy Medical Center,Neurology,Non-Target,Beta Series,Capital Equipment,Provista,1592,59317.24,45646.74,570961.66,4,11,4,0.4554,0.9493,0.3104,0.7021,0.2456,0.5134,0.3637,0.371
240,Southwest,Mountain West,MW-901,REP-63131,Trinity Health,Capital Health System,Women's Health,Non-Target,Alpha Series,Capital Equipment,Intalere,1879,568062.98,402913.49,192022.19,8,6,10,0.3526,0.8726,0.7782,0.1493,0.9508,0.7072,0.5384,0.111
241,Midwest,Central Plains,CP-701,REP-57916,LifePoint Health,Riverside Community Hospital,Women's Health,Tier 1,Beta Series,Disposables,HealthTrust,538,454725.37,338639.22,447680.44,18,6,3,0.5083,0.8837,0.6273,0.4806,0.149,0.4355,0.2988,0.3258
242,Northeast,Mid-Atlantic,MA-203,REP-79717,Dignity Health,Mercy Community Hospital,Orthopedics,Tier 1,Beta Series,Service Contract,Vizient,214,343011.88,207056.91,575788.77,2,3,2,0.4794,0.7531,0.6226,0.8875,0.5686,0.6645,0.2112,0.5833
243,West,Pacific Northwest,PN-1002,REP-55442,Piedmont Healthcare,Mercy Medical Center,Orthopedics,Tier 2,Alpha Series,Capital Equipment,None,1692,224246.05,187073.82,393909.78,13,10,10,0.7199,0.5121,0.6857,0.7272,0.8577,0.5007,0.2172,0.1226
244,Midwest,Great Lakes,GL-602,REP-39724,Sutter Health,Horizon Health System,Cardiovascular,Tier 2,Gamma Series,Accessories,Intalere,390,513972.67,307477.45,330483.68,5,5,10,0.8164,0.4048,0.376,0.9944,0.6171,0.4968,0.2533,0.1628
245,Northeast,Mid-Atlantic,MA-202,REP-29391,LifePoint Health,Mercy Community Hospital,General Surgery,Tier 3,Alpha Series,Capital Equipment,Intalere,1956,424562.69,252026.85,285663.63,10,4,0,0.9306,0.655,0.6298,0.6825,0.366,0.9064,0.5833,0.4648
246,West,Pacific Northwest,PN-1002,REP-54392,Tenet Healthcare,Metro General Hospital,Cardiovascular,Tier 2,Alpha Series,Accessories,Vizient,872,513141.49,316151.32,227288.26,10,1,9,0.7169,0.6792,0.4444,0.9421,0.3501,0.1203,0.3461,0.295
247,Northeast,Mid-Atlantic,MA-201,REP-74286,Intermountain Health,Coastal Community Hospital,Oncology,Tier 1,Gamma Series,Service Contract,Premier,1516,690353.05,456246.73,236242.07,9,11,5,0.5003,0.5896,0.6647,0.2941,0.899,0.7674,0.2786,0.2934
248,Southeast,Gulf Coast,GC-502,REP-64289,Providence Health,University Community Hospital,Oncology,Tier 1,Beta Series,Disposables,HealthTrust,1022,791286.82,559906.89,214541.71,18,12,1,0.3043,0.7152,0.4777,0.2574,0.5159,0.6111,0.5532,0.1596
249,Southwest,Mountain West,MW-902,REP-15535,Dignity Health,University Community Hospital,Orthopedics,Non-Target,Delta Series,Disposables,Vizient,1670,51835.01,32594.02,574495.43,20,15,1,0.725,0.8802,0.5712,0.5427,0.7191,0.3203,0.1156,0.2025
250,Northeast,Mid-Atlantic,MA-203,REP-72978,Piedmont Healthcare,University Health System,Women's Health,Non-Target,Alpha Series,Accessories,Provista,1551,481447.76,386883.73,114451.39,1,4,5,0.5997,0.7506,0.5323,0.1476,0.425,0.6726,0.5753,0.0768
251,Midwest,Great Lakes,GL-603,REP-35403,Trinity Health,Capital Medical Center,Oncology,Tier 2,Gamma Series,Accessories,None,1780,563725.36,360965.58,417557.36,11,3,8,0.677,0.8352,0.3084,0.5664,0.4357,0.5364,0.2372,0.5509
252,Northeast,New England,NE-101,REP-75979,Atrium Health,University Regional Hospital,Oncology,Tier 1,Delta Series,Service Contract,Vizient,288,664133.56,549253.68,298120.57,9,11,2,0.8311,0.8783,0.6885,0.7872,0.4078,0.7389,0.0658,0.498
253,Southeast,Carolinas,CA-301,REP-39697,Dignity Health,Riverside Regional Hospital,General Surgery,Tier 1,Delta Series,Capital Equipment,Vizient,88,631019.23,490428.28,44659.83,3,1,10,0.6338,0.3385,0.3773,0.3277,0.1596,0.7008,0.465,0.4803
254,West,Pacific Northwest,PN-1001,REP-34219,LifePoint Health,St. Mary's Medical Center,General Surgery,Tier 3,Gamma Series,Accessories,Premier,1801,425475.81,327006.34,160257.06,18,2,1,0.8327,0.7961,0.6437,0.7442,0.9678,0.2546,0.4647,0.0524
255,Northeast,New England,NE-103,REP-72221,LifePoint Health,Metro Community Hospital,General Surgery,Non-Target,Alpha Series,Disposables,None,776,785975.84,532284.5,318265.58,13,3,5,0.3804,0.3717,0.3883,0.786,0.7343,0.6014,0.0723,0.2305
256,Northeast,Mid-Atlantic,MA-202,REP-69892,Dignity Health,Central General Hospital,General Surgery,Non-Target,Gamma Series,Service Contract,Premier,1804,102206.87,82002.36,295892.54,11,5,0,0.9492,0.6196,0.3684,0.4943,0.6927,0.1765,0.1289,0.2703
257,West,Pacific Northwest,PN-1001,REP-18481,LifePoint Health,Lakeside Health System,General Surgery,Non-Target,Alpha Series,Disposables,None,919,593900.38,376268.85,433826.41,18,8,10,0.9131,0.5315,0.7333,0.9551,0.9888,0.5603,0.1311,0.3
258,Northeast,Mid-Atlantic,MA-202,REP-75178,Atrium Health,Central Regional Hospital,Cardiovascular,Tier 1,Alpha Series,Capital Equipment,Intalere,1438,70061.67,42298.24,370658.68,10,4,4,0.7043,0.3626,0.3497,0.7764,0.7908,0.8135,0.1611,0.4142
259,Southwest,Mountain West,MW-902,REP-80848,Ascension Health,Capital Medical Center,Neurology,Tier 1,Delta Series,Service Contract,HealthTrust,1796,332252.42,228555.4,39058.68,17,9,2,0.6195,0.3874,0.7652,0.5387,0.1984,0.7075,0.413,0.427
260,West,California,CA-1102,REP-83695,Trinity Health,Heritage Medical Center,Neurology,Tier 3,Delta Series,Service Contract,Provista,1435,314572.83,265290.24,205880.01,0,1,2,0.844,0.5268,0.7823,0.1242,0.9022,0.4071,0.1035,0.2398
261,Midwest,Central Plains,CP-702,REP-17398,Atrium Health,Lakeside Regional Hospital,Women's Health,Tier 3,Alpha Series,Capital Equipment,None,674,135853.47,81638.94,332281.75,1,14,10,0.8612,0.6692,0.8859,0.34,0.7264,0.6292,0.5922,0.2578
262,Southwest,Mountain West,MW-901,REP-74010,Tenet Healthcare,Metro Regional Hospital,Orthopedics,Non-Target,Gamma Series,Disposables,Provista,663,322500.73,219557.64,308231.99,2,6,4,0.4724,0.4933,0.6728,0.8241,0.6621,0.9621,0.4447,0.368
263,West,California,CA-1102,REP-18817,Sutter Health,Parkview Regional Hospital,Orthopedics,Tier 1,Gamma Series,Accessories,Intalere,1408,454960.68,277536.52,253334.55,19,14,10,0.7962,0.4174,0.3121,0.733,0.8764,0.6192,0.1671,0.5792
264,Southwest,Mountain West,MW-902,REP-84202,CommonSpirit Health,Heritage Regional Hospital,Orthopedics,Non-Target,Beta Series,Disposables,Premier,1578,563979.98,360993.83,272525.49,10,2,10,0.4323,0.5681,0.8354,0.6814,0.3308,0.6411,0.2732,0.1125
265,Southeast,Carolinas,CA-301,REP-50703,SSM Health,Mercy Community Hospital,Neurology,Non-Target,Alpha Series,Disposables,Premier,608,152322.97,95585.57,486052.15,17,5,10,0.8541,0.9265,0.6158,0.1179,0.8736,0.1755,0.3809,0.5269
266,Southwest,Mountain West,MW-901,REP-62021,Providence Health,Lakeside Medical Center,Oncology,Tier 1,Gamma Series,Service Contract,Vizient,537,499865.99,390873.84,201777.99,18,12,3,0.9081,0.4417,0.3694,0.2927,0.3471,0.4675,0.5246,0.0808
267,West,California,CA-1103,REP-24806,Intermountain Health,Heritage General Hospital,Neurology,Tier 2,Gamma Series,Disposables,HealthTrust,1023,586753.42,467296.06,32223.04,19,1,10,0.8193,0.3355,0.8963,0.7044,0.3277,0.4462,0.4014,0.4353
268,Northeast,New England,NE-102,REP-60917,Ascension Health,Memorial General Hospital,Orthopedics,Tier 3,Alpha Series,Disposables,HealthTrust,480,694562.55,415395.75,274530.59,10,13,0,0.4781,0.3521,0.8066,0.5425,0.7632,0.9338,0.233,0.2823
269,Northeast,New England,NE-103,REP-44205,HCA Healthcare,Horizon General Hospital,Oncology,Tier 3,Delta Series,Capital Equipment,None,156,531029.6,321337.63,277174.88,20,4,0,0.5604,0.7084,0.5039,0.174,0.242,0.5647,0.5833,0.5068
270,Southeast,Gulf Coast,GC-502,REP-51864,SSM Health,Mercy Regional Hospital,Orthopedics,Tier 2,Gamma Series,Accessories,Premier,222,360872.32,218171.42,528306.21,18,7,0,0.9163,0.9,0.7206,0.664,0.9162,0.9767,0.159,0.4357
271,Southeast,Carolinas,CA-302,REP-91003,Piedmont Healthcare,Coastal Health System,General Surgery,Tier 1,Gamma Series,Disposables,Provista,290,60586.18,42879.95,468548.41,14,15,1,0.4459,0.432,0.9149,0.8321,0.3396,0.7718,0.2601,0.2872
272,Southeast,Gulf Coast,GC-501,REP-47089,Advocate Aurora,Parkview Regional Hospital,Neurology,Tier 2,Alpha Series,Accessories,HealthTrust,532,513260.18,422001.73,234389.89,20,14,1,0.3067,0.3866,0.5101,0.7237,0.7182,0.742,0.4396,0.4549
273,Midwest,Great Lakes,GL-601,REP-83007,CommonSpirit Health,St. Mary's Health System,General Surgery,Non-Target,Gamma Series,Capital Equipment,Vizient,569,428406.5,284582.43,586963.85,11,4,8,0.3267,0.4166,0.4104,0.5436,0.4053,0.5213,0.0993,0.4406
274,Southwest,Texas,TX-802,REP-25314,Intermountain Health,St. Mary's Regional Hospital,Neurology,Tier 3,Gamma Series,Service Contract,HealthTrust,1898,707702.29,519368.18,461707.07,8,10,6,0.8802,0.5051,0.9465,0.7873,0.2361,0.8677,0.4116,0.489
275,Northeast,New England,NE-101,REP-17152,Atrium Health,Riverside Medical Center,Neurology,Tier 3,Beta Series,Service Contract,Intalere,287,796401.31,659549.22,43659.19,11,15,7,0.6204,0.8498,0.8635,0.2113,0.1842,0.8814,0.1494,0.1426
276,West,California,CA-1103,REP-96918,Advocate Aurora,Coastal Medical Center,Oncology,Tier 2,Delta Series,Capital Equipment,Premier,1623,423583.08,244954.52,210621.51,9,3,6,0.5428,0.9039,0.3689,0.3912,0.126,0.5142,0.4392,0.3139
277,Midwest,Great Lakes,GL-602,REP-15747,SSM Health,Horizon Community Hospital,General Surgery,Tier 2,Alpha Series,Accessories,HealthTrust,1684,91651.27,52352.78,572102.11,12,2,6,0.4659,0.4561,0.8011,0.459,0.1185,0.2874,0.2637,0.2713
278,Southeast,Carolinas,CA-302,REP-74336,Piedmont Healthcare,Metro Health System,Women's Health,Tier 2,Gamma Series,Capital Equipment,None,802,434489.92,302790.34,533539.56,15,8,9,0.6902,0.3586,0.5746,0.4314,0.2677,0.6676,0.1011,0.3323
279,Southwest,Texas,TX-803,REP-99946,Providence Health,Memorial General Hospital,Oncology,Tier 1,Gamma Series,Service Contract,Intalere,212,730405.78,506378.21,106191.79,4,9,3,0.64,0.4921,0.331,0.1689,0.1406,0.1969,0.2837,0.102
280,West,California,CA-1102,REP-43405,HCA Healthcare,Capital Community Hospital,Cardiovascular,Tier 1,Delta Series,Disposables,None,423,682182.37,384462.71,261425.91,9,10,9,0.7707,0.7923,0.5925,0.8271,0.4072,0.9263,0.4955,0.1661
281,Northeast,Mid-Atlantic,MA-203,REP-23936,Piedmont Healthcare,Heritage Medical Center,Cardiovascular,Non-Target,Alpha Series,Capital Equipment,Premier,1393,407839.91,308955.81,523892.7,19,15,4,0.702,0.933,0.5345,0.7064,0.7213,0.4555,0.2165,0.1188
282,Northeast,New England,NE-101,REP-12082,Advocate Aurora,University Medical Center,General Surgery,Non-Target,Beta Series,Disposables,Intalere,1774,519544.36,408883.21,130730.38,9,14,2,0.6081,0.3142,0.408,0.2372,0.7323,0.9675,0.3093,0.5229
283,West,Pacific Northwest,PN-1001,REP-48644,Northwell Health,St. Mary's Health System,Cardiovascular,Tier 1,Delta Series,Service Contract,None,1065,602808.74,439297.99,341496.62,9,1,7,0.5598,0.6337,0.771,0.9418,0.9146,0.8809,0.1775,0.0834
284,Northeast,Mid-Atlantic,MA-203,REP-51399,HCA Healthcare,Summit General Hospital,Neurology,Tier 1,Delta Series,Accessories,Intalere,1478,377172.5,225700.04,441201.3,15,11,7,0.4509,0.4428,0.8909,0.4052,0.6419,0.8582,0.4113,0.1221
285,Midwest,Central Plains,CP-702,REP-98225,LifePoint Health,Capital General Hospital,General Surgery,Tier 2,Gamma Series,Capital Equipment,MedAssets,1038,146822.42,89538.96,371334.42,3,13,7,0.4974,0.4361,0.3306,0.1163,0.8928,0.4213,0.1372,0.5054
286,West,Pacific Northwest,PN-1001,REP-54267,Piedmont Healthcare,Valley Community Hospital,General Surgery,Tier 1,Beta Series,Service Contract,HealthTrust,746,638664.35,498676.9,466655.04,17,8,2,0.8547,0.8679,0.6928,0.1937,0.1454,0.9516,0.4894,0.5795
287,Northeast,New England,NE-103,REP-89908,Tenet Healthcare,University Community Hospital,Cardiovascular,Tier 1,Beta Series,Capital Equipment,None,470,733239.33,437824.36,189431.33,14,15,1,0.4003,0.5364,0.8325,0.2107,0.2817,0.9727,0.4731,0.0536
288,Southwest,Mountain West,MW-902,REP-76194,Trinity Health,Valley Health System,Orthopedics,Non-Target,Gamma Series,Disposables,Premier,1592,615130.38,416145.95,152345.56,13,13,6,0.8837,0.9187,0.6355,0.714,0.9494,0.4983,0.4736,0.4447
289,West,Pacific Northwest,PN-1001,REP-54342,Intermountain Health,Parkview Regional Hospital,Neurology,Tier 1,Delta Series,Capital Equipment,MedAssets,1939,531099.32,435901.54,53529.7,20,9,6,0.5613,0.7426,0.6598,0.3739,0.7684,0.9183,0.0543,0.2039
290,West,Pacific Northwest,PN-1002,REP-68482,Advocate Aurora,Memorial Community Hospital,Oncology,Non-Target,Gamma Series,Service Contract,None,454,710731.01,408872.38,331711.43,12,4,8,0.9448,0.4846,0.3603,0.5966,0.5692,0.7813,0.138,0.0653
291,West,California,CA-1101,REP-49838,Piedmont Healthcare,Heritage Medical Center,Women's Health,Tier 1,Gamma Series,Accessories,MedAssets,1089,315855.01,178243.26,397558.2,3,14,4,0.6721,0.3034,0.5203,0.3125,0.7712,0.6234,0.4431,0.5656
292,West,Pacific Northwest,PN-1002,REP-49216,Dignity Health,Central Community Hospital,Women's Health,Tier 2,Delta Series,Disposables,Vizient,721,437338.87,265799.95,471558.72,14,3,2,0.7626,0.8385,0.3533,0.156,0.8997,0.5286,0.2954,0.2531
293,West,California,CA-1103,REP-83265,Northwell Health,University Health System,Oncology,Non-Target,Delta Series,Service Contract,MedAssets,1956,760865.03,585497.12,261814.96,5,4,8,0.3826,0.7622,0.3841,0.7341,0.8769,0.2063,0.167,0.3103
294,Southeast,Gulf Coast,GC-502,REP-25566,Piedmont Healthcare,Valley Medical Center,Orthopedics,Tier 3,Alpha Series,Disposables,Vizient,810,278693.44,184589.24,190509.15,0,4,2,0.8095,0.5741,0.9089,0.3746,0.3551,0.2648,0.4568,0.0511
295,West,California,CA-1101,REP-15856,Piedmont Healthcare,Mercy Community Hospital,Orthopedics,Non-Target,Gamma Series,Service Contract,Intalere,1758,590025.12,431729,461931.71,16,14,7,0.7337,0.3968,0.7731,0.1804,0.6623,0.6612,0.263,0.5451
296,Midwest,Great Lakes,GL-603,REP-68077,Banner Health,Central Medical Center,General Surgery,Tier 1,Gamma Series,Capital Equipment,MedAssets,1195,113864.02,95253,334263.91,1,6,7,0.6267,0.3121,0.7279,0.5787,0.9661,0.3475,0.1632,0.5063
297,West,California,CA-1101,REP-79932,Intermountain Health,Parkview Community Hospital,Cardiovascular,Non-Target,Alpha Series,Accessories,Intalere,419,361202.32,291813.38,204081.81,8,2,1,0.9369,0.6522,0.4855,0.2644,0.7915,0.2388,0.5737,0.4232
298,Northeast,Mid-Atlantic,MA-201,REP-13561,CommonSpirit Health,Summit General Hospital,Cardiovascular,Tier 3,Beta Series,Service Contract,HealthTrust,578,331634.87,264751.55,90160.43,6,7,9,0.6809,0.6204,0.7891,0.4465,0.2036,0.1546,0.3057,0.2739
299,Southwest,Texas,TX-802,REP-93039,Atrium Health,Memorial Medical Center,Orthopedics,Tier 1,Beta Series,Disposables,HealthTrust,1213,355059.44,204220.43,388763.42,6,4,5,0.6513,0.4093,0.4594,0.9574,0.9652,0.5996,0.073,0.497
300,West,California,CA-1103,REP-31939,Ascension Health,St. Mary's General Hospital,Orthopedics,Tier 3,Delta Series,Accessories,None,1344,209565.6,168114.63,183160.55,5,2,4,0.3583,0.754,0.8398,0.7526,0.9989,0.8905,0.166,0.3277
